Sampling_Cycle,Site_Name,Location,Site_Code,Region,Zone,Latitude,Longitude,Depth,Month,Day,Year,Date,Time_In,Time_Out,Surface_Temp_C,Surface_Temp_Depth_m,Surface_Sal_psu,Surface_Sal_Depth_m,Surface_DO_mg_L,Surface_DO_Depth_m,Surface_pH,Surface_pH_Depth_m,Bottom_Temp_C,Bottom_Temp_Depth_m,Bottom_Sal_psu,Bottom_Sal_Depth_m,Bottom_DO_mg_L,Bottom_DO_Depth_m,Bottom_pH,Bottom_pH_Depth_m,Secchi_Depth_m,Surface_Van_Dorn_Depth_m,Bottom_Van_Dorn_Depth_m,Surface_DIC_umol_kg,Bottom_DIC_umol_kg,Surface_TA_umol_kg,Bottom_TA_umol_kg,Surface_BOD_mg_L,Bottom_BOD_mg_L,Bottom_SS_ml_L,Bottom_SS_LOD_ml_L,Bottom_TSS_mg_L,Bottom_Turbidity_NTU,Bottom_Chl-a_ug_L,Bottom_PO4_mg_L,Bottom_PO4_LOD_mg_L,Bottom_NOx_mg_L,Bottom_NOx_LOD_mg_L,Bottom_TKN_mg_L,Bottom_TKN_LOD_mg_L,Bottom_Enterococcus_MPN_100mL,Bottom_Enterococcus_LOD_MPN_100mL,Removed
1,Tourmaline 10m,Cabo Rojo,TOUR10,West,W,18.16304,-67.2737,10,5,24,2023,5/24/2023,9:22,9:50,28.67,0.49,37.23,0.54,5.90,0.53,8.27,0.52,28.59,9.54,37.23,9.30,5.90,9.27,NA,9.15,14.4,0.5,9.5,1965,1961,NA,NA,2.17,2.22,0,< 0.1,4.5,0.1,0.38,0.002,< 0.006,0.000,< 0.003,0.25,< 0.25,0,< 10,NA
1,Maria Langa 10m,Guayanilla,MLAN10,South,S,17.96093,-66.7529,10,5,22,2023,5/22/2023,9:14,9:46,28.54,0.70,36.06,0.70,5.28,0.70,8.17,0.70,29.16,9.02,37.16,8.74,5.28,9.08,8.24,9.04,2.7,1.0,9.0,1929,1975,NA,NA,0.93,0.85,0,< 0.1,4.6,0.35,0.46,0.006,0.006,0.000,< 0.003,0.45,0.45,697,697,NA
1,Tourmaline 20m,Cabo Rojo,TOUR20,West,W,18.16517,-67.2752,20,5,24,2023,5/24/2023,8:36,9:14,28.27,0.64,37.18,0.65,5.77,0.60,8.26,0.63,28.20,19.30,37.21,19.48,5.77,19.42,NA,18.92,15.3,0.5,19.5,1977,1978,NA,NA,1.17,1.40,0,< 0.1,5.7,0.1,0.44,0.001,< 0.006,-0.009,< 0.003,0.39,0.39,0,< 10,NA
1,Cayo Rodriguez 5m,Mayaguez,RODR05,West,W,18.1893,-67.1919,5,5,24,2023,5/24/2023,10:47,11:10,29.70,0.50,37.06,0.50,6.00,0.52,8.29,0.50,29.20,3.67,37.04,3.67,6.15,3.68,NA,3.66,> 5,0.5,3.5,1968,1947,NA,NA,2.33,2.21,0,< 0.1,4.9,0.2,0.46,0.001,< 0.006,0.000,< 0.003,0.33,0.33,0,< 10,NA
1,Maria Langa 20m,Guayanilla,MLAN20,South,S,17.95953,-66.747,20,5,22,2023,5/22/2023,8:28,9:10,28.07,0.84,34.78,0.83,5.42,0.80,8.01,0.80,29.05,16.90,37.05,16.94,5.36,17.06,8.26,16.50,2.8,1.0,16.0,1911,1970,NA,NA,1.28,0.60,0,< 0.1,5.2,0.1,0.38,0.007,0.007,0.000,< 0.003,0.23,< 0.25,75,75,NA
1,Guanajibo 20m,Mayaguez,GUAN20,West,W,18.17202,-67.253,20,5,24,2023,5/24/2023,10:00,10:30,28.43,0.55,37.18,0.55,5.73,0.53,8.26,0.54,28.29,17.40,37.34,17.13,5.75,16.59,NA,16.58,12.0,0.5,16.0,1978,1983,NA,NA,2.29,2.19,0,< 0.1,1.8,0.1,R,0.002,< 0.006,0.000,< 0.003,0.47,0.47,10,10,15.33
1,Tourmaline 30m,Cabo Rojo,TOUR30,West,W,18.16637,-67.2763,30,5,24,2023,5/24/2023,7:40,8:25,28.09,0.52,37.14,0.52,5.71,0.52,8.06,0.50,28.15,26.50,37.17,26.01,5.73,25.35,NA,24.68,9.3,0.5,25.5,1981,1980,NA,NA,1.55,1.41,0,< 0.1,5.8,0.05,0.45,0.002,< 0.006,-0.011,< 0.003,0.34,0.34,0,< 10,NA
1,El Negro 10m,Cabo Rojo,NEGR10,West,W,18.14653,-67.248,10,5,24,2023,5/24/2023,13:24,13:57,29.20,0.47,37.01,0.48,6.40,0.50,8.20,0.47,28.71,17.43,37.10,17.03,5.96,16.34,NA,17.35,8.6,0.5,16.5,1951,1955,NA,NA,2.28,1.89,0,< 0.1,4.0,0.1,0.50,0.001,< 0.006,0.000,< 0.003,0.32,0.32,0,< 10,NA
1,El Negro 5m,Cabo Rojo,NEGR05,West,W,18.14658,-67.2476,5,5,24,2023,5/24/2023,13:54,14:27,29.02,0.49,36.93,0.50,6.10,0.50,8.21,0.49,28.89,2.82,37.35,3.70,6.11,2.80,NA,2.84,> 6,0.5,5.0,1997,1927,NA,NA,2.28,2.12,0,< 0.1,4.0,0.1,0.00,0.002,< 0.006,0.006,0.006,0.45,0.45,0,< 10,NA
1,Manchas Exteriores 20m,Mayaguez,MEXT20,West,W,18.2335,-67.2009,20,5,24,2023,5/24/2023,11:48,12:21,28.95,0.50,37.14,0.52,5.90,0.50,8.28,0.50,28.47,9.46,37.01,9.46,6.04,9.06,NA,8.60,10.0,0.5,11.5,1975,1977,NA,NA,1.38,1.49,0,< 0.1,22.5,0.2,0.36,0.002,< 0.006,0.000,< 0.003,0.40,0.40,0,< 10,NA
1,Manchas Exteriores 10m,Mayaguez,MEXT10,West,W,18.23353,-67.2006,10,5,24,2023,5/24/2023,12:26,12:53,28.89,0.55,36.96,0.55,5.94,0.54,8.27,0.57,28.51,6.23,37.06,5.80,6.34,6.50,NA,6.70,7.3,0.5,6.5,1971,1969,NA,NA,2.09,2.41,0,< 0.1,4.6,0.1,0.20,0.004,< 0.006,0.000,< 0.003,0.45,0.45,0,< 10,NA
1,Cayo Aurora 5m,Guanica,AURO05,Southwest,SW,17.9369,-66.8738,5,5,25,2023,5/25/2023,9:39,10:03,29.38,0.55,37.00,0.49,5.85,0.49,NA,0.49,29.40,3.58,36.96,3.58,5.95,3.69,NA,3.79,> 3.5,0.5,2.5,1961,1962,NA,NA,1.49,1.60,0,< 0.1,6.0,0.15,0.00,0.003,< 0.006,0.001,< 0.003,0.40,0.40,0,< 10,NA
1,Cayo Coral 10m,Guanica,CORA10,Southwest,SW,17.9362,-66.8884,10,5,25,2023,5/25/2023,10:14,10:35,29.20,0.70,37.15,0.68,5.63,0.69,NA,0.69,29.02,9.38,36.90,9.43,5.78,9.44,NA,9.43,> 9.5,0.5,9.0,1968,1972,NA,NA,1.50,1.49,0,< 0.1,2.1,0.05,0.20,0.005,< 0.006,0.009,0.009,0.42,0.42,0,< 10,NA
1,Derrumbadero 20m,Ponce,DERR20-R,South,S,17.904,-66.6086,20,6,12,2023,6/12/2023,14:39,14:58,29.64,0.53,37.13,0.58,6.52,0.60,8.13,0.59,29.54,16.13,37.12,16.20,6.47,16.30,8.14,16.33,13.0,1.0,16.0,1959,1970,2328,2280,3.78,2.04,0,< 0.1,27.8,0.1,0.20,0.001,< 0.006,0.016,0.016,0.40,0.40,0,< 10,NA
1,Maria Langa 5m,Guayanilla,MLAN05,South,S,17.96488,-66.7565,5,5,25,2023,5/25/2023,8:43,9:11,29.19,0.60,37.19,0.60,4.97,0.57,NA,0.55,29.22,5.25,37.22,5.38,5.47,5.36,NA,5.38,> 6,0.5,5.5,1977,1982,NA,NA,1.11,1.21,0,< 0.1,4.7,0.15,0.00,0.003,< 0.006,0.010,0.010,0.38,0.38,0,< 10,NA
1,Derrumbadero 20m,Ponce,DERR20,South,S,17.904,-66.6086,20,6,12,2023,6/12/2023,14:13,14:36,29.63,0.71,37.07,0.74,6.44,0.73,8.14,0.73,29.54,16.50,37.16,17.10,6.58,16.65,8.14,16.65,13.0,1.0,16.5,1973,1973,2315,2293,3.46,4.14,0,< 0.1,24.8,0.05,0.20,0.001,< 0.006,-0.009,< 0.003,0.28,0.28,0,< 10,NA
1,Cayo Caribes 10m,Salinas,CARI10,Southeast,S,17.91533,-66.2141,10,6,12,2023,6/12/2023,10:06,10:33,30.06,0.70,37.31,0.65,6.24,0.68,8.03,0.70,30.03,9.60,37.18,9.40,6.20,9.14,8.09,8.64,4.3,1.0,9.5,1980,1982,2302,2307,0.71,0.58,0,< 0.1,19.9,0.3,0.20,0.004,< 0.006,0.005,0.005,0.31,0.31,0,< 10,NA
1,Puerto Botes 20m,Isla Desecheo,BOTE20,Mona/Desecheo,W,18.38158,-67.4886,20,6,14,2023,6/14/2023,9:08,9:36,28.98,0.73,37.30,0.72,6.51,0.74,8.10,0.73,29.07,19.50,37.03,19.50,6.31,19.48,8.20,19.40,> 23,1.0,19.5,1979,1968,2212,2291,0.18,2.16,0,< 0.1,20.1,0,0.00,0.003,< 0.006,0.003,0.003,0.32,0.32,0,< 10,NA
1,Cayo Ratones 5m,Salinas,RATO05,Southeast,S,17.9346,-66.3025,5,6,12,2023,6/12/2023,10:55,11:19,30.41,0.82,37.12,0.80,6.41,0.77,8.01,0.79,30.27,4.82,37.17,4.85,6.18,4.84,8.05,4.82,> 4,1.0,4.5,1991,1992,2303,2265,0.67,4.41,0,< 0.1,28.8,0.2,0.30,0.006,0.006,0.000,< 0.003,0.08,< 0.25,0,< 10,NA
1,West Reef 10m,Ponce,CDMU10,South,S,17.89502,-66.5284,10,6,12,2023,6/12/2023,12:29,12:48,29.73,0.80,37.17,0.67,6.61,0.68,8.10,0.76,29.66,7.96,37.29,8.18,6.71,7.86,8.13,7.50,> 8,1.0,7.5,1961,1964,2284,2276,1.39,2.66,0,< 0.1,21.6,0.1,0.20,0.001,< 0.006,-0.007,< 0.003,0.30,0.30,0,< 10,NA
1,Cayo Ratones 5m,Salinas,RATO05-R,Southeast,S,17.9346,-66.3025,5,6,12,2023,6/12/2023,11:20,11:39,NA,NA,NA,NA,NA,NA,NA,NA,NA,NA,NA,NA,NA,NA,NA,NA,> 4,1.0,4.5,NA,NA,NA,NA,0.55,0.90,0,< 0.1,18.0,0.2,0.20,0.002,< 0.006,0.010,0.010,0.30,0.30,0,< 10,NA
1,Puerto Botes 15m,Isla Desecheo,BOTE15,Mona/Desecheo,W,18.382,-67.4883,15,6,14,2023,6/14/2023,8:40,8:54,29.03,0.65,37.42,0.60,6.48,0.65,NA,0.66,29.06,12.72,37.08,12.70,6.37,12.68,8.15,12.65,> 15,1.0,12.5,1984,1994,2257,2295,0.48,0.36,0,< 0.1,25.1,0.05,0.20,0.002,< 0.006,-0.002,< 0.003,0.28,0.28,0,< 10,NA
1,Cayo Diablo 5m,Fajardo,DIAB05,North/Northeast,E,18.36033,-65.5309,5,6,21,2023,6/21/2023,12:12,12:54,29.55,1.02,37.68,1.04,8.24,1.05,8.07,1.06,29.31,7.25,37.57,6.71,6.72,6.70,8.24,6.74,> 7,1.0,6.5,1969,1979,2291,2309,0.26,0.46,0,< 0.1,22.8,0.05,0.00,0.002,< 0.006,-0.005,< 0.003,0.25,< 0.25,0,< 10,NA
1,Puerto Canoas 30m,Isla Desecheo,CANO30,Mona/Desecheo,W,18.37747,-67.484,30,6,14,2023,6/14/2023,9:45,10:22,29.13,0.79,36.98,0.70,6.50,0.78,8.20,0.78,29.00,25.70,37.06,25.45,6.41,25.51,8.21,25.49,> 31,1.0,25.5,1984,1983,2303,2301,0.61,0.16,0,< 0.1,22.5,0.05,0.20,0.001,< 0.006,0.038,0.038,0.24,< 0.25,0,< 10,NA
1,Boya Vieja 20m,La Parguera,BOYA20,Southwest,SW,17.88827,-66.9978,20,5,12,2023,5/12/2023,8:56,10:22,28.76,2.40,33.37,2.40,6.57,2.33,8.12,2.38,28.75,21.69,33.19,21.65,6.58,21.55,8.18,21.55,12.8,1.0,21.0,1965,1966,NA,NA,0.01,0.38,0,< 0.1,5.3,0.1,0.36,NA,NA,NA,NA,0.53,0.53,0,< 10,NA
1,Tres Palmas 10m,Rincon,TRES10,West,W,18.34732,-67.27,10,6,15,2023,6/15/2023,11:16,11:37,NA,NA,NA,NA,NA,NA,NA,NA,NA,NA,NA,NA,NA,NA,NA,NA,> 9.5,1.0,9.0,NA,NA,NA,NA,0.25,2.04,0,< 0.1,24.0,0.1,R,0.003,< 0.006,0.002,< 0.003,0.26,0.26,0,< 10,16.29
1,Tres Palmas 20m,Rincon,TRES20,West,W,18.34652,-67.2712,20,6,15,2023,6/15/2023,10:38,11:04,NA,NA,NA,NA,NA,NA,NA,NA,NA,NA,NA,NA,NA,NA,NA,NA,16.0,1.0,15.5,NA,NA,NA,NA,1.48,0.41,0,< 0.1,20.8,0.05,0.00,0.003,< 0.006,0.000,< 0.003,0.28,0.28,0,< 10,NA
1,Tres Palmas 5m,Rincon,TRES05,West,W,18.35072,-67.2669,5,6,15,2023,6/15/2023,10:06,10:26,NA,NA,NA,NA,NA,NA,NA,NA,NA,NA,NA,NA,NA,NA,NA,NA,> 3,1.0,2.5,NA,NA,NA,NA,0.05,0.20,0,< 0.1,22.1,0.15,0.00,0.003,< 0.006,0.000,< 0.003,0.28,0.28,0,< 10,NA
1,Palominos 20m,Fajardo,PALN20,North/Northeast,E,18.35466,-65.5671,20,6,21,2023,6/21/2023,13:20,13:45,29.42,0.74,37.61,0.75,6.30,0.76,8.17,0.71,29.29,12.94,37.52,12.77,6.45,12.75,8.24,12.58,> 19,1.0,13.5,1989,2001,2288,2308,0.33,0.38,0,< 0.1,24.5,0,0.00,0.004,< 0.006,0.021,0.021,0.27,0.27,0,< 10,NA
1,Palominitos 10m,Fajardo,PALT10,North/Northeast,E,18.33537,-65.5656,10,6,21,2023,6/21/2023,14:05,14:28,30.25,0.76,37.61,0.77,7.51,0.76,8.15,0.74,30.34,1.83,37.77,1.84,7.51,1.82,8.26,1.81,> 3,1.0,2.5,1939,1942,2287,2290,0.33,0.53,0,< 0.1,20.2,0.25,0.20,0.002,< 0.006,0.003,0.003,0.24,< 0.25,0,< 10,NA
1,Carlos Rosario 10m,Isla Culebra,CROS10,Vieques/Culebra,E,18.32779,-65.332,10,6,27,2023,6/27/2023,10:14,10:34,29.38,1.28,37.97,1.28,6.19,1.28,8.11,1.28,29.23,8.72,37.97,8.72,6.19,8.72,8.14,8.72,> 10,1.0,8.0,1994,1987,2330,2291,0.70,0.73,0,< 0.1,20.2,0,0.00,0.004,< 0.006,0.000,< 0.003,0.32,0.32,0,< 10,NA
1,Cabezas de San Juan 5m,Fajardo,CABE05,North/Northeast,E,18.38544,-65.6297,5,6,21,2023,6/21/2023,15:05,15:27,29.04,0.77,37.73,0.77,6.37,0.77,8.06,0.77,28.64,5.01,37.74,5.28,6.52,5.31,8.23,5.31,> 5.5,1.0,5.0,1985,1986,2303,2296,0.63,0.37,0,< 0.1,20.3,0.05,0.20,0.003,< 0.006,-0.003,< 0.003,0.31,0.31,0,< 10,NA
1,Dominos 5m,San Juan,DOMI05-R,North/Northeast,N,18.46222,-66.0517,5,6,28,2023,6/28/2023,8:30,8:45,NA,NA,NA,NA,NA,NA,NA,NA,NA,NA,NA,NA,NA,NA,NA,NA,> 3.5,1.0,3.5,NA,NA,NA,NA,0.59,0.52,0,< 0.1,4.9,0,0.41,0.002,< 0.006,0.001,< 0.003,0.28,0.28,0,< 10,NA
1,Canal Luis Pena 5m,Isla Culebra,LPEN05,Vieques/Culebra,E,18.30493,-65.3277,5,6,27,2023,6/27/2023,8:30,9:17,29.33,1.05,NA,1.05,5.72,1.05,NA,1.05,29.30,4.49,NA,4.49,5.55,4.49,8.05,4.49,> 6,1.0,3.5,2007,2002,2307,NA,0.59,0.72,0,< 0.1,18.4,0.1,0.19,0.005,< 0.006,0.000,< 0.003,0.27,0.27,0,< 10,NA
1,Cibuco 10m,Vega Baja,CIBU10,North/Northeast,N,18.48955,-66.3736,10,6,29,2023,6/29/2023,7:00,7:41,27.71,1.00,NA,NA,6.58,1.00,NA,NA,27.02,3.00,NA,NA,7.13,3.00,NA,NA,> 3.5,1.0,3.0,NA,NA,NA,NA,0.32,0.69,0,< 0.1,22.2,0.05,0.00,0.006,0.006,-0.008,< 0.003,0.31,0.31,0,< 10,NA
1,Dakiti 20m,Isla Culebra,DAKI20,Vieques/Culebra,E,18.27587,-65.2773,20,6,27,2023,6/27/2023,7:25,8:01,29.37,1.31,37.87,1.31,6.16,1.31,8.12,1.31,29.10,19.50,37.96,19.50,6.14,19.50,8.07,19.50,18.3,1.0,19.5,1991,2002,2304,2247,0.79,0.29,0,< 0.1,17.8,0,0.00,0.005,< 0.006,-0.007,< 0.003,0.30,0.30,0,< 10,NA
1,Cibuco 10m,Vega Baja,CIBU10-R,North/Northeast,N,18.48955,-66.3736,10,6,29,2023,6/29/2023,7:49,8:10,28.48,1.00,NA,NA,5.99,1.00,NA,NA,28.65,3.00,NA,NA,4.00,3.00,NA,NA,> 3.5,1.0,3.0,NA,NA,NA,NA,0.10,0.41,0,< 0.1,21.7,0.05,0.39,0.006,0.006,0.000,< 0.003,0.35,0.35,0,< 10,NA
1,Canjilones 15m,Isla Vieques,CANJ15-R,Vieques/Culebra,E,18.08964,-65.5901,15,6,26,2023,6/26/2023,11:12,11:52,NA,NA,NA,NA,NA,NA,NA,NA,NA,NA,NA,NA,NA,NA,NA,NA,17.0,1.0,15.0,NA,NA,NA,NA,0.66,0.94,0,< 0.1,20.4,0.05,0.20,0.004,< 0.006,0.051,0.051,0.26,0.26,0,< 10,NA
1,Canjilones 15m,Isla Vieques,CANJ15,Vieques/Culebra,E,18.08964,-65.5901,15,6,26,2023,6/26/2023,10:41,11:09,29.51,1.21,37.25,1.21,6.31,1.20,8.24,1.21,29.45,15.26,37.46,15.27,5.80,15.24,8.26,15.23,17.0,1.0,15.0,1966,1987,2286,2273,0.61,0.26,0,< 0.1,17.3,0.05,0.19,0.004,< 0.006,0.000,< 0.003,0.25,< 0.25,0,< 10,NA
1,El Seco 30m,Isla Vieques,SECO30,Vieques/Culebra,E,18.13869,-65.1971,30,6,26,2023,6/26/2023,7:53,8:37,29.19,0.81,37.48,0.82,6.38,0.82,NA,0.81,28.95,29.98,37.42,29.97,6.11,30.30,8.27,30.08,23.7,1.0,29.5,1980,1990,2310,2315,0.63,0.57,0,< 0.1,13.1,0.05,0.00,0.004,< 0.006,0.000,< 0.003,0.25,< 0.25,0,< 10,NA
1,Esperanza 10m,Isla Vieques,ESPE10,Vieques/Culebra,E,18.08057,-65.4879,10,6,26,2023,6/26/2023,9:40,10:10,29.53,0.91,37.28,0.90,6.18,0.91,8.17,0.94,29.47,8.38,37.29,8.37,6.10,8.35,8.25,8.38,> 11,1.0,8.0,1981,1987,2308,2304,0.19,0.39,0,< 0.1,15.8,0.05,0.00,0.001,< 0.006,0.000,< 0.003,0.27,0.27,0,< 10,NA
1,Dominos 5m,San Juan,DOMI05,North/Northeast,N,18.46222,-66.0517,5,6,28,2023,6/28/2023,7:59,8:27,29.56,1.08,37.87,1.08,5.69,1.08,NA,1.08,29.52,3.87,37.84,3.87,5.47,3.87,NA,3.87,> 3.5,1.0,3.5,1992,1995,2302,2294,0.72,0.58,0,< 0.1,18.8,0.05,0.00,NA,NA,NA,NA,0.33,0.33,0,< 10,NA
1,Resuellos 10m,Cabo Rojo,RESU10,West,W,17.99116,-67.2332,10,5,19,2023,5/19/2023,9:38,10:21,29.29,0.62,37.52,0.62,6.13,0.61,8.20,0.61,29.39,6.20,37.29,5.85,6.27,5.70,8.23,5.34,5.7,1.0,5.8,1951,1951,NA,NA,0.08,0.02,0,< 0.1,6.4,0.2,0.39,0.002,< 0.006,-0.010,< 0.003,0.14,< 0.25,0,< 10,NA
1,Media Luna 5m,La Parguera,MLUN05,Southwest,SW,17.93937,-67.0507,5,5,18,2023,5/18/2023,9:29,10:05,29.14,0.50,37.29,0.53,6.24,0.54,8.02,0.55,29.17,3.70,37.46,3.74,6.13,3.74,8.15,3.73,> 3.7,1.0,3.0,1978,1978,NA,NA,0.07,0.02,0.2,0.2,60.0,0.1,0.24,0.001,< 0.006,0.001,< 0.003,0.47,0.47,0,< 10,NA
1,Gallardo 5m,Cabo Rojo,GALL05,West,W,18.0017,-67.3299,5,5,19,2023,5/19/2023,8:31,9:14,29.09,0.66,37.50,0.68,5.68,0.68,8.15,0.69,29.12,5.97,37.52,6.05,5.69,6.12,8.18,6.14,> 5,1.0,5.5,1977,1988,NA,NA,0.02,0.08,0,< 0.1,23.3,0.1,0.28,0.001,< 0.006,0.006,0.006,NA,NA,20,20,NA
1,Media Luna 10m,La Parguera,MLUN10,Southwest,SW,17.93472,-67.0485,10,5,18,2023,5/18/2023,10:18,10:43,29.39,0.75,36.94,0.76,6.15,0.76,8.11,0.73,29.20,10.02,37.17,10.02,6.10,9.40,8.13,9.90,9.3,1.0,9.5,1984,1990,NA,NA,-0.08,-0.09,0.3,0.3,5.9,0.15,0.45,0.001,< 0.006,-0.004,< 0.003,0.45,0.45,0,< 10,NA
1,Efras Wall 20m,La Parguera,EWAL20,Southwest,SW,17.8976,-66.9599,20,5,18,2023,5/18/2023,7:46,8:56,28.58,0.60,37.08,0.67,6.27,0.68,8.12,0.69,28.06,18.50,37.16,18.50,6.10,18.50,8.24,18.50,>  20.1,1.0,18.0,1967,1960,NA,NA,0.00,-0.02,0.3,0.3,1.8,0,0.17,0.006,0.006,-0.004,< 0.003,0.34,0.34,0,< 10,NA
1,Tres Palmas 10m,Rincon,TRES10,West,W,18.34732,-67.27,10,6,20,2023,6/20/2023,8:22,8:25,29.07,0.94,37.42,0.94,6.17,0.94,8.05,0.94,29.20,13.57,37.25,13.57,6.12,13.57,8.21,13.57,NA,NA,NA,NA,NA,NA,NA,NA,NA,NA,NA,NA,NA,NA,NA,NA,NA,NA,NA,NA,NA,NA,NA
1,Tres Palmas 5m,Rincon,TRES05,West,W,18.35072,-67.2669,5,6,20,2023,6/20/2023,8:08,8:10,29.08,0.99,37.19,0.99,5.89,0.99,NA,0.99,29.13,2.33,37.11,2.33,5.91,2.33,8.15,2.33,NA,NA,NA,NA,NA,NA,NA,NA,NA,NA,NA,NA,NA,NA,NA,NA,NA,NA,NA,NA,NA,NA,NA
1,Tres Palmas 20m,Rincon,TRES20,West,W,18.34652,-67.2712,20,6,20,2023,6/20/2023,8:35,8:43,29.20,1.37,37.36,1.37,6.24,1.37,8.10,1.37,29.20,22.89,36.91,22.89,6.21,22.89,8.22,22.89,NA,NA,NA,NA,NA,NA,NA,NA,NA,NA,NA,NA,NA,NA,NA,NA,NA,NA,NA,NA,NA,NA,NA
2,Media Luna 5m,La Parguera,MLUN05,Southwest,SW,17.93937,-67.0507,5,9,19,2023,9/19/2023,10:19,10:44,31.25,0.60,34.00,0.56,5.89,0.57,NA,0.60,31.01,3.20,34.26,3.08,5.89,3.09,8.03,3.07,>3.5,0.5,3.0,1975,1976,NA,NA,0.36,0.05,0,< 0.1,5.1,0.20,0.39,0.009,0.009,0.041,0.041,-0.56,< 0.09,0,< 10,NA
2,Boya Vieja 20m,La Parguera,BOYA20,Southwest,SW,17.88827,-66.9978,20,9,19,2023,9/19/2023,9:00,9:30,30.40,0.63,34.49,0.59,6.22,0.61,NA,0.65,29.71,19.30,34.80,19.19,6.18,19.10,8.08,19.08,12.0,0.5,19.0,1962,1995,NA,NA,0.20,0.08,0,< 0.1,4.4,0.05,0.96,0.032,0.032,0.004,0.004,-0.50,< 0.09,0,< 10,NA
2,Media Luna 10m,La Parguera,MLUN10,Southwest,SW,17.93472,-67.0485,10,9,19,2023,9/19/2023,9:47,10:12,30.92,0.55,34.16,0.56,6.11,0.56,NA,0.50,30.80,5.60,34.20,5.65,6.12,5.64,8.06,5.65,>5.5,0.5,5.0,1968,1965,NA,NA,0.52,0.15,0,< 0.1,7.5,0.20,0.54,0.007,0.007,0.005,0.005,0.38,0.38,0,< 10,NA
2,Efras Wall 20m,La Parguera,EWAL20,Southwest,SW,17.8976,-66.9599,20,9,19,2023,9/19/2023,8:00,8:39,30.05,0.60,34.87,0.61,6.35,0.62,NA,0.61,30.16,17.28,34.76,17.40,5.73,17.51,8.06,17.50,10.3,0.5,17.5,1966,1999,NA,NA,0.65,0.28,0,< 0.1,7.2,0.10,0.58,0.021,0.021,0.016,0.016,0.04,< 0.09,0,< 10,NA
2,Cayo Caribes 10m,Salinas,CARI10,Southeast,S,17.91533,-66.2141,10,9,21,2023,9/21/2023,8:50,9:30,30.62,0.54,35.85,0.55,6.10,0.56,NA,0.56,30.84,9.51,35.55,9.50,6.05,9.62,8.08,9.62,>10,0.5,9.5,2019,2018,NA,NA,0.49,0.64,0,< 0.1,5.5,0.25,0.35,0.042,0.042,0.010,0.010,-0.22,< 0.09,0,< 10,NA
2,Gallardo 5m,Cabo Rojo,GALL05,West,W,18.0017,-67.3299,5,9,20,2023,9/20/2023,8:55,9:20,30.51,0.60,33.89,0.61,5.77,0.62,NA,0.58,30.58,6.60,33.94,6.55,5.75,6.58,8.02,6.63,>6.5,0.5,6.5,1959,1954,NA,NA,0.13,0.02,0,< 0.1,4.9,0.05,0.53,0.015,0.015,0.006,0.006,-0.42,< 0.09,0,< 10,NA
2,Cayo Ratones 5m,Salinas,RATO05,Southeast,S,17.9346,-66.3025,5,9,21,2023,9/21/2023,9:44,10:04,30.78,0.64,35.32,0.64,5.80,0.63,8.03,0.62,30.65,4.12,35.38,4.22,5.23,4.37,NA,4.31,>4,0.5,4.0,2043,2057,NA,NA,1.27,0.43,0,< 0.1,5.2,0.45,0.37,0.007,0.007,0.004,0.004,-0.48,< 0.09,0,< 10,NA
2,Derrumbadero 20m,Ponce,DERR20,South,S,17.904,-66.6086,20,9,21,2023,9/21/2023,11:25,11:56,30.90,0.63,34.36,0.67,6.32,0.70,8.08,0.70,30.12,16.50,35.00,17.00,6.20,17.30,8.06,17.33,12.5,0.5,17.0,1978,1999,NA,NA,0.51,0.17,0,< 0.1,4.8,0.10,0.39,0.005,< 0.006,0.001,< 0.003,-0.34,< 0.09,0,< 10,NA
2,Resuellos 10m,Cabo Rojo,RESU10,West,W,17.99116,-67.2332,10,9,20,2023,9/20/2023,9:50,10:19,30.72,0.54,34.15,0.52,6.38,0.55,NA,0.55,30.84,13.69,34.17,13.70,6.40,13.67,8.07,13.65,7.5,0.5,13.5,1941,1938,NA,NA,0.18,0.73,0,< 0.1,6.3,1.30,1.42,0.012,0.012,-0.002,< 0.003,0.30,0.30,0,< 10,NA
2,Resuellos 10m,Cabo Rojo,RESU10-R,West,W,17.99116,-67.2332,10,9,20,2023,9/20/2023,10:25,10:51,30.78,0.62,34.12,0.61,6.50,0.60,8.02,0.59,30.91,5.48,34.15,5.46,6.33,5.45,8.08,5.43,7.0,0.5,5.5,1935,1937,NA,NA,0.34,0.31,0,< 0.1,7.4,0.50,0.95,0.014,0.014,0.001,< 0.003,0.47,0.47,0,< 10,NA
2,West Reef 10m,Ponce,CDMU10,South,S,17.89502,-66.5284,10,9,21,2023,9/21/2023,10:44,11:04,30.86,0.59,34.73,0.59,6.52,0.62,8.03,0.68,30.62,8.03,34.72,7.90,6.64,7.77,8.09,7.57,>8,0.5,7.5,1977,1977,NA,NA,1.33,0.39,0,< 0.1,5.1,0.05,0.18,0.016,0.016,0.001,< 0.003,-0.30,< 0.09,0,< 10,NA
2,Tourmaline 20m,Cabo Rojo,TOUR20,West,W,18.16517,-67.2752,20,10,5,2023,10/5/2023,9:30,10:02,30.48,0.50,NA,0.54,6.79,0.54,8.05,0.53,30.54,21.79,NA,21.65,6.78,21.69,8.10,21.08,10.8,0.5,22.0,NA,NA,NA,NA,0.05,0.02,0,< 0.1,4.1,0.30,0.42,0.001,< 0.006,0.002,< 0.003,-0.18,< 0.09,0,< 10,NA
2,Tourmaline 10m,Cabo Rojo,TOUR10,West,W,18.16304,-67.2737,10,10,5,2023,10/5/2023,10:11,10:48,30.50,0.50,NA,0.49,6.38,0.56,8.04,0.51,30.53,9.40,NA,9.54,6.31,9.51,8.10,9.55,>10,0.5,9.5,NA,NA,NA,NA,0.01,0.01,0,< 0.1,6.8,0.05,0.40,R,R,0.002,< 0.003,-0.52,< 0.09,0,< 10,1.122
2,Tourmaline 30m,Cabo Rojo,TOUR30,West,W,18.16637,-67.2763,30,10,5,2023,10/5/2023,8:09,9:04,30.49,0.56,35.01,0.57,6.19,0.58,8.00,0.58,29.38,27.45,35.54,27.39,6.36,27.39,8.12,28.09,14.4,0.5,27.0,1970,2022,NA,NA,0.24,0.19,0,< 0.1,1.3,0.15,0.38,0.000,< 0.006,-0.002,< 0.003,-0.39,< 0.09,0,< 10,NA
2,Maria Langa 20m,Guayanilla,MLAN20,South,S,17.95953,-66.747,20,10,4,2023,10/4/2023,7:20,8:05,31.00,0.58,36.36,0.59,5.05,0.58,NA,0.59,30.37,18.50,36.95,18.50,6.04,18.05,8.08,17.87,11.3,0.5,18.0,2030,2005,NA,NA,0.39,0.22,0,< 0.1,6.5,0.20,0.40,0.002,< 0.006,0.004,0.004,-0.55,< 0.09,0,< 10,NA
2,Maria Langa 10m,Guayanilla,MLAN10,South,S,17.96093,-66.7529,10,10,4,2023,10/4/2023,8:13,8:39,30.80,0.53,36.49,0.58,5.51,0.57,NA,0.56,30.72,8.76,36.50,8.82,5.41,8.86,8.04,8.92,>8.75,0.5,8.0,2003,2025,NA,NA,0.51,0.29,0,< 0.1,4.1,0.50,0.35,0.002,< 0.006,0.006,0.006,-0.51,< 0.09,10,10,NA
2,Maria Langa 5m,Guayanilla,MLAN05,South,S,17.96488,-66.7565,5,10,4,2023,10/4/2023,8:49,9:13,31.17,0.53,36.24,0.55,5.11,0.54,NA,0.54,30.96,4.10,36.48,4.07,5.05,4.02,8.02,4.02,>4,0.5,4.0,2023,2027,NA,NA,0.47,0.39,0,< 0.1,5.7,0.35,0.35,0.003,< 0.006,0.007,0.007,-0.48,< 0.09,31,31,NA
2,Maria Langa 5m,Guayanilla,MLAN05-R,South,S,17.96488,-66.7565,5,10,4,2023,10/4/2023,9:13,9:32,31.04,0.58,36.30,0.60,4.37,0.60,NA,0.60,31.02,2.94,36.25,3.18,5.01,3.14,NA,3.02,>3,0.5,3.0,2054,2033,NA,NA,0.35,0.39,0,< 0.1,5.0,0.20,0.38,0.002,< 0.006,0.007,0.007,-0.55,< 0.09,31,31,NA
2,Cayo Coral 10m,Guanica,CORA10,Southwest,SW,17.9362,-66.8884,10,10,4,2023,10/4/2023,10:26,10:47,31.21,0.49,36.03,0.49,5.77,0.49,NA,0.49,30.99,8.90,36.45,8.96,3.87,8.99,NA,9.00,>9,0.5,9.0,2007,2008,NA,NA,0.40,0.06,0,< 0.1,6.5,0.10,0.37,0.002,< 0.006,0.012,0.012,-0.03,< 0.09,0,< 10,NA
2,Cayo Aurora 5m,Guanica,AURO05,Southwest,SW,17.9369,-66.8738,5,10,4,2023,10/4/2023,10:00,10:19,30.87,0.54,36.66,0.52,4.73,0.53,NA,0.53,31.15,3.03,36.49,3.03,4.87,3.03,NA,3.03,>3,0.5,3.0,2036,2035,NA,NA,0.31,0.52,0,< 0.1,8.6,0.20,0.00,0.003,< 0.006,0.014,0.014,-0.56,< 0.09,0,< 10,NA
2,Dominos 5m,San Juan,DOMI05,North/Northeast,N,18.46222,-66.0517,5,10,6,2023,10/6/2023,9:32,9:52,29.85,0.63,NA,0.53,6.67,0.44,NA,0.45,29.81,4.00,NA,4.03,7.02,4.04,8.05,4.02,>4.5,0.5,4.0,NA,NA,NA,NA,0.12,0.32,0,< 0.1,4.7,0.25,0.40,0.001,< 0.006,0.005,0.005,-0.69,< 0.09,0,< 10,NA
2,Dakiti 20m,Isla Culebra,DAKI20-R,Vieques/Culebra,E,18.27587,-65.2773,20,10,13,2023,10/13/2023,7:50,8:12,29.70,0.50,35.99,0.50,6.13,0.49,NA,0.48,29.92,19.93,36.20,19.97,5.72,19.98,8.08,19.97,>20,0.5,20.0,1968,1984,NA,NA,0.37,0.29,0,< 0.1,5.9,0.05,0.18,0.001,< 0.006,0.003,0.003,-0.69,< 0.09,0,< 10,NA
2,Cibuco 10m,Vega Baja,CIBU10,North/Northeast,N,18.48955,-66.3736,10,10,6,2023,10/6/2023,6:41,7:01,29.65,0.42,34.71,0.42,5.79,0.45,NA,0.49,29.85,1.92,34.45,1.97,5.73,2.01,NA,2.03,>2.5,0.5,2.0,2034,2036,NA,NA,0.01,0.38,0,< 0.1,8.8,0.10,0.54,0.001,< 0.006,0.004,0.004,-0.64,< 0.09,0,< 10,NA
2,Cibuco 10m,Vega Baja,CIBU10-R,North/Northeast,N,18.48955,-66.3736,10,10,6,2023,10/6/2023,7:08,7:20,29.85,0.49,NA,0.52,5.88,0.51,NA,0.52,29.90,2.45,NA,2.50,6.72,2.50,8.01,2.48,>2.5,0.5,2.5,2042,NA,NA,NA,0.31,0.38,0,< 0.1,6.7,0.20,0.19,0.001,< 0.006,0.005,0.005,NA,NA,0,< 10,NA
2,Esperanza 10m,Isla Vieques,ESPE10,Vieques/Culebra,E,18.08057,-65.4879,10,10,14,2023,10/14/2023,9:15,9:44,30.30,0.55,35.32,0.55,6.36,0.54,NA,0.54,30.13,12.03,35.49,12.02,6.20,12.03,NA,12.00,>12,0.5,12.0,1953,1957,NA,NA,0.03,0.41,0,< 0.1,6.9,0.05,0.18,0.000,< 0.006,0.000,< 0.003,-0.72,< 0.09,0,< 10,NA
2,Carlos Rosario 10m,Isla Culebra,CROS10,Vieques/Culebra,E,18.32779,-65.332,10,10,13,2023,10/13/2023,9:24,9:48,29.89,0.44,36.07,0.49,6.11,0.50,NA,0.50,29.90,10.01,35.89,9.95,6.06,9.97,8.10,9.98,>10,0.5,10.0,1973,1975,NA,NA,0.16,0.16,0,< 0.1,7.2,0.05,0.15,0.000,< 0.006,0.001,< 0.003,-0.72,< 0.09,0,< 10,NA
2,Cayo Rodriguez 5m,Mayaguez,RODR05,West,W,18.1893,-67.1919,5,10,25,2023,10/25/2023,9:53,10:13,30.53,0.54,35.04,0.54,6.34,0.54,8.09,0.54,30.49,9.86,35.48,9.86,5.72,9.86,8.17,9.86,5.3,0.5,9.5,NA,2012,NA,NA,0.17,0.23,0,< 0.1,4.5,0.25,0.18,0.002,< 0.006,0.003,0.003,0.19,0.19,0,< 10,NA
2,Canal Luis Pena 5m,Isla Culebra,LPEN05,Vieques/Culebra,E,18.30493,-65.3277,5,10,13,2023,10/13/2023,8:33,8:54,29.67,0.51,35.88,0.51,5.84,0.52,NA,0.52,29.81,4.58,35.82,4.53,5.82,4.53,8.03,4.53,>5,0.5,5.0,1979,1978,NA,NA,0.44,0.06,0,< 0.1,6.3,0.05,0.20,0.000,< 0.006,0.003,0.003,-0.75,< 0.09,0,< 10,NA
2,Dakiti 20m,Isla Culebra,DAKI20,Vieques/Culebra,E,18.27587,-65.2773,20,10,13,2023,10/13/2023,7:12,7:42,29.56,0.52,36.04,0.55,6.26,0.55,NA,0.52,29.92,20.07,36.23,20.07,5.52,20.06,8.05,20.06,>20,0.5,20.0,1960,1973,NA,NA,0.27,0.27,0,< 0.1,6.0,0.05,0.23,0.001,< 0.006,0.001,< 0.003,-0.65,< 0.09,0,< 10,NA
2,Cabezas de San Juan 5m,Fajardo,CABE05,North/Northeast,E,18.38544,-65.6297,5,10,15,2023,10/15/2023,6:51,7:15,29.88,0.47,36.32,0.51,5.76,0.52,NA,0.52,30.05,7.43,35.96,7.44,5.74,7.44,NA,7.40,>7.5,0.5,7.5,2030,2030,NA,NA,0.61,0.40,0,< 0.1,2.0,0.20,0.17,0.001,< 0.006,-0.002,< 0.003,-0.52,< 0.09,0,< 10,NA
2,Cayo Diablo 5m,Fajardo,DIAB05,North/Northeast,E,18.36033,-65.5309,5,10,15,2023,10/15/2023,7:45,8:04,30.24,0.44,35.88,0.43,6.01,0.43,NA,0.43,30.28,3.50,35.86,3.40,5.79,3.30,8.00,3.30,>3.5,0.5,3.5,NA,2025,NA,NA,0.65,0.62,0,< 0.1,6.2,0.05,0.16,0.001,< 0.006,-0.002,< 0.003,-0.73,< 0.09,0,< 10,NA
2,Palominitos 10m,Fajardo,PALT10,North/Northeast,E,18.33537,-65.5656,10,10,15,2023,10/15/2023,8:28,8:59,30.35,0.53,35.61,0.55,6.30,0.54,NA,0.54,30.36,8.50,34.23,8.20,6.12,8.10,8.11,7.96,>8.5,0.5,8.5,NA,2000,NA,NA,0.39,0.72,0,< 0.1,6.3,0.05,0.48,0.000,< 0.006,-0.003,< 0.003,-0.53,< 0.09,0,< 10,NA
2,Palominos 20m,Fajardo,PALN20,North/Northeast,E,18.35466,-65.5671,20,10,15,2023,10/15/2023,9:46,10:07,NA,NA,NA,NA,NA,NA,NA,NA,NA,NA,NA,NA,NA,NA,NA,NA,12.4,0.5,17.5,NA,NA,NA,NA,0.60,0.80,0,< 0.1,6.0,0.15,0.52,0.001,< 0.006,0.000,< 0.003,-0.47,< 0.09,20,20,NA
2,Canjilones 15m,Isla Vieques,CANJ15,Vieques/Culebra,E,18.08964,-65.5901,15,10,14,2023,10/14/2023,10:12,10:37,30.13,0.51,34.83,0.51,6.35,0.50,NA,0.51,30.02,14.97,35.61,15.00,5.48,15.00,NA,15.01,>15,0.5,15.0,1955,1965,NA,NA,0.15,0.31,0,< 0.1,6.7,0.00,0.38,0.002,< 0.006,0.005,0.005,-0.70,< 0.09,0,< 10,NA
2,El Seco 30m,Isla Vieques,SECO30,Vieques/Culebra,E,18.13869,-65.1971,30,10,14,2023,10/14/2023,7:38,8:15,29.81,0.54,NA,0.54,6.55,0.55,NA,0.55,29.29,35.45,NA,35.48,6.15,35.52,8.07,35.51,>34,0.5,35.0,NA,NA,NA,NA,0.15,0.05,0,< 0.1,6.7,0.00,0.62,0.001,< 0.006,0.006,0.006,-0.69,< 0.09,0,< 10,NA
2,Puerto Botes 20m,Isla Desecheo,BOTE20,Mona/Desecheo,W,18.38158,-67.4886,20,10,23,2023,10/23/2023,9:35,10:14,30.20,0.65,35.81,0.65,6.20,0.65,8.18,0.65,30.90,18.89,36.08,18.89,6.19,18.89,8.22,18.89,>18,0.5,18.5,2009,2014,NA,NA,0.92,0.76,0,< 0.1,5.9,0.00,0.16,0.052,0.052,0.001,< 0.003,0.35,0.35,0,< 10,NA
2,El Negro 5m,Cabo Rojo,NEGR05,West,W,18.14658,-67.2476,5,10,25,2023,10/25/2023,7:52,8:12,30.35,0.55,35.11,0.55,6.03,0.55,8.17,0.55,30.04,8.76,35.71,8.76,5.88,8.76,8.19,8.76,>7.5,0.5,7.5,2011,2017,NA,NA,0.60,0.44,0,< 0.1,1.9,0.10,0.21,0.001,< 0.006,0.002,< 0.003,0.27,0.27,10,10,NA
2,Manchas Exteriores 10m,Mayaguez,MEXT10,West,W,18.23353,-67.2006,10,10,23,2023,10/23/2023,13:50,14:27,30.71,0.51,35.33,0.51,6.21,0.51,8.12,0.51,30.66,10.96,35.43,10.96,6.22,10.96,8.19,10.96,>10,0.5,10.0,NA,NA,NA,NA,0.48,0.32,0,< 0.1,2.7,0.15,0.18,0.001,< 0.006,-0.001,< 0.003,0.33,0.33,0,< 10,NA
2,Puerto Canoas 30m,Isla Desecheo,CANO30-R,Mona/Desecheo,W,18.37747,-67.484,30,10,23,2023,10/23/2023,11:40,12:09,30.27,0.57,35.85,0.57,6.27,0.57,8.22,0.57,30.19,29.12,34.37,29.12,6.30,29.12,8.22,29.12,>29,0.5,29.0,2001,2010,NA,NA,0.36,0.40,0,< 0.1,5.0,0.00,0.17,0.001,< 0.006,0.001,< 0.003,-0.24,< 0.09,0,< 10,NA
2,Puerto Canoas 30m,Isla Desecheo,CANO30,Mona/Desecheo,W,18.37747,-67.484,30,10,23,2023,10/23/2023,10:59,11:36,30.25,0.51,36.05,0.53,6.33,0.56,8.20,0.52,30.19,26.61,36.05,26.65,6.22,26.52,8.22,26.67,>26.5,0.5,26.5,NA,2007,NA,NA,0.44,0.47,0,< 0.1,5.6,0.00,0.18,0.001,< 0.006,0.001,< 0.003,0.35,0.35,0,< 10,NA
2,Puerto Botes 15m,Isla Desecheo,BOTE15,Mona/Desecheo,W,18.382,-67.4883,15,10,23,2023,10/23/2023,10:18,10:48,30.21,0.52,35.94,0.52,6.38,0.52,8.17,0.52,30.12,16.46,36.04,16.46,6.20,16.46,8.21,16.46,>15,0.5,15.0,2003,NA,NA,NA,0.51,0.36,0,< 0.1,4.2,0.10,0.00,0.003,< 0.006,0.001,< 0.003,-0.24,< 0.09,0,< 10,NA
2,Tres Palmas 5m,Rincon,TRES05,West,W,18.35072,-67.2669,5,10,24,2023,10/24/2023,9:18,9:40,30.28,0.62,35.27,0.62,6.00,0.62,8.16,0.62,30.29,4.90,35.28,4.90,5.99,4.90,8.18,4.90,>4.5,0.5,4.5,NA,NA,NA,NA,0.54,0.41,0,< 0.1,3.4,0.15,0.16,0.001,< 0.006,0.002,< 0.003,0.31,0.31,0,< 10,NA
2,Tres Palmas 10m,Rincon,TRES10,West,W,18.34732,-67.27,10,10,24,2023,10/24/2023,9:52,10:20,30.43,0.66,35.29,0.66,6.20,0.66,8.20,0.66,30.43,10.85,35.35,10.85,6.15,10.85,8.20,10.85,>9.5,0.5,9.5,NA,2196,NA,NA,0.41,0.44,0,< 0.1,1.8,0.10,0.41,0.000,< 0.006,0.002,< 0.003,0.31,0.31,0,< 10,NA
2,Tres Palmas 20m,Rincon,TRES20,West,W,18.34652,-67.2712,20,10,24,2023,10/24/2023,10:27,10:56,30.46,0.79,35.24,0.79,6.14,0.79,8.20,0.79,30.14,18.05,35.62,18.05,6.14,18.05,8.21,18.05,>17.5,0.5,17.5,NA,NA,NA,NA,1.22,0.52,0,< 0.1,4.5,0.10,0.40,0.000,< 0.006,-0.003,< 0.003,-0.17,< 0.09,0,< 10,NA
2,Manchas Exteriores 20m,Mayaguez,MEXT20,West,W,18.2335,-67.2009,20,10,24,2023,10/24/2023,11:35,12:02,30.75,0.74,35.28,0.74,6.22,0.74,8.19,0.74,29.77,18.66,35.83,18.66,6.07,18.66,8.20,18.66,11.1,0.5,18.0,NA,NA,NA,NA,1.26,0.80,0,< 0.1,7.1,0.20,0.49,0.001,< 0.006,0.002,< 0.003,0.49,0.49,0,< 10,NA
2,Guanajibo 20m,Mayaguez,GUAN20,West,W,18.17202,-67.253,20,10,25,2023,10/25/2023,9:06,9:28,30.34,0.34,35.44,0.34,6.12,0.34,8.20,0.34,30.02,11.18,35.77,11.18,6.09,11.18,8.21,11.18,>16,0.5,18.0,2009,2018,NA,NA,0.27,0.21,0,< 0.1,4.6,0.05,0.20,0.001,< 0.006,0.001,< 0.003,0.29,0.29,10,10,NA
2,El Negro 10m,Cabo Rojo,NEGR10,West,W,18.14653,-67.248,10,10,25,2023,10/25/2023,8:20,8:43,30.31,0.47,35.38,0.47,6.29,0.47,8.15,0.47,29.89,19.01,35.87,19.01,5.99,19.01,8.20,19.01,10.0,0.5,18.0,2011,2018,NA,NA,0.46,0.38,0,< 0.1,1.5,0.25,0.02,0.001,< 0.006,0.001,< 0.003,0.37,0.37,0,< 10,NA
3,El Negro 10m,Cabo Rojo,NEGR10,West,W,18.14653,-67.248,10,1,23,24,1/23/2024,10:44,11:21,27.66,0.52,36.17,0.48,6.30,0.48,8.21,0.47,27.62,15.99,36.24,16.14,6.10,16.04,8.21,16.00,8.3,0.5,16.0,2005,2002,2299,2306,0.10,0.20,0,< 0.1,4.8,0.45,0.13,0.001,< 0.006,0.005,0.005,0.08,< 0.09,0,< 10,NA
3,Tourmaline 10m,Cabo Rojo,TOUR10,West,W,18.16304,-67.2737,10,1,23,24,1/23/2024,9:49,10:20,27.72,0.48,36.23,0.54,6.37,0.42,8.21,0.46,27.65,9.54,36.32,9.48,6.30,9.55,8.22,9.62,11.8,0.5,9.5,1996,1997,2318,2323,0.16,0.23,0,< 0.1,4.3,0.3,0.53,0.001,< 0.006,0.004,0.004,0.08,< 0.09,0,< 10,NA
3,Cayo Aurora 5m,Guanica,AURO05,Southwest,SW,17.9369,-66.8738,5,1,22,24,1/22/2024,9:45,10:43,27.60,0.58,35.99,0.52,6.31,0.48,8.15,0.40,27.61,4.36,36.04,4.00,6.20,4.12,8.18,4.16,> 4.5,0.5,4.0,1993,1989,2326,2321,0.20,0.24,0,< 0.1,3.7,0.35,0.35,0.005,< 0.006,-0.003,< 0.003,-0.01,< 0.09,0,< 10,NA
3,Cayo Coral 10m,Guanica,CORA10,Southwest,SW,17.9362,-66.8884,10,1,22,24,1/22/2024,10:50,11:34,27.64,0.44,35.99,0.56,6.32,0.51,8.16,0.49,27.64,8.52,35.99,8.64,6.25,8.69,8.20,8.72,> 8.5,0.5,8.0,1992,1994,2322,2329,0.01,0.22,0,< 0.1,2.0,0.15,0.19,0.001,< 0.006,0.007,0.007,-0.01,< 0.09,145,145,NA
3,El Negro 5m,Cabo Rojo,NEGR05,West,W,18.14658,-67.2476,5,1,23,24,1/23/2024,11:21,11:41,27.68,0.50,36.19,0.51,6.20,0.49,8.21,0.52,27.67,3.10,36.27,3.05,6.18,3.08,8.21,3.11,> 3.0,0.5,3.0,2004,1998,2312,2317,0.41,0.12,0,< 0.1,4.6,0.25,0.49,0.001,< 0.006,-0.001,< 0.003,-0.08,< 0.09,0,< 10,NA
3,Tourmaline 20m,Cabo Rojo,TOUR20,West,W,18.16517,-67.2752,20,1,23,24,1/23/2024,9:04,9:36,27.67,0.50,36.32,0.47,6.37,0.51,8.21,0.56,27.58,14.22,36.43,14.18,6.29,14.23,8.22,14.00,> 14.5,0.5,14.5,1995,1994,2325,2327,0.15,0.20,0,< 0.1,4.3,0.05,0.19,0.001,< 0.006,-0.002,< 0.003,-0.02,< 0.09,0,< 10,NA
3,Tourmaline 30m,Cabo Rojo,TOUR30,West,W,18.16637,-67.2763,30,1,23,24,1/23/2024,8:02,8:40,27.65,0.50,36.26,0.52,6.44,0.43,8.17,0.52,27.31,23.12,36.58,23.27,6.25,23.46,8.20,23.48,16.8,0.5,23.5,1990,1998,2324,2327,0.25,0.28,0,< 0.1,7.2,0.1,0.16,0.001,< 0.006,0.014,0.014,0.11,0.11,0,< 10,NA
3,Maria Langa 10m,Guayanilla,MLAN10-R,South,S,17.96093,-66.7529,10,1,25,24,1/25/2024,9:10,9:36,27.32,0.45,36.18,0.32,6.48,0.58,8.22,0.41,27.33,8.94,36.26,8.99,6.26,8.89,8.21,8.60,5.3,0.5,9.0,2006,2005,2328,2319,0.32,0.17,0,< 0.1,2.9,0.25,0.80,0.005,< 0.006,0.005,0.005,-0.05,< 0.09,0,< 10,NA
3,Maria Langa 10m,Guayanilla,MLAN10,South,S,17.96093,-66.7529,10,1,25,24,1/25/2024,8:36,9:03,27.31,0.45,36.24,0.53,6.46,0.51,8.21,0.50,27.32,9.00,36.16,8.60,6.19,8.84,8.20,9.00,5.5,0.5,9.0,2010,2010,2330,2328,0.19,0.26,0,< 0.1,7.0,0.2,0.96,0.001,< 0.006,-0.002,< 0.003,-0.01,< 0.09,0,< 10,NA
3,Maria Langa 5m,Guayanilla,MLAN05,South,S,17.96488,-66.7565,5,1,25,24,1/25/2024,9:45,10:08,27.34,0.57,36.12,0.47,6.43,0.62,8.22,0.58,27.33,4.43,36.27,4.88,6.38,4.56,8.22,4.32,5.3,0.5,4.5,2002,2002,2316,2313,0.19,0.32,0,< 0.1,4.1,0.35,0.72,0.002,< 0.006,0.004,0.004,-0.14,< 0.09,0,< 10,NA
3,Media Luna 10m,La Parguera,MLUN10,Southwest,SW,17.93472,-67.0485,10,1,29,24,1/29/2024,9:27,9:50,26.92,0.48,36.26,0.42,6.51,0.56,8.20,0.51,26.90,5.01,36.36,4.98,6.31,5.24,8.20,5.03,> 5,0.5,18.0,2012,2008,2315,2310,0.11,0.09,0,< 0.1,5.5,0.25,0.43,0.001,< 0.006,-0.002,< 0.003,-0.10,< 0.09,0,< 10,NA
3,Maria Langa 20m,Guayanilla,MLAN20,South,S,17.95953,-66.747,20,1,25,24,1/25/2024,8:00,8:27,27.29,0.50,36.20,0.47,6.43,0.49,8.18,0.57,27.34,14.92,36.26,15.00,6.21,15.07,8.19,15.13,5.3,0.5,15.0,2006,2009,2327,2327,0.14,0.32,0,< 0.1,0.0,0.15,0.57,0.001,< 0.006,0.002,< 0.003,0.02,< 0.09,0,< 10,NA
3,Carlos Rosario 10m,Isla Culebra,CROS10,Vieques/Culebra,E,18.32779,-65.332,10,2,1,24,2/1/2024,9:13,9:34,26.81,0.54,36.82,0.55,6.58,0.49,8.23,0.51,26.80,10.44,36.91,10.45,6.45,10.42,8.22,10.57,> 10.5,0.5,10.5,2020,2019,2339,2341,0.36,0.54,0,< 0.1,23.3,0.2,0.42,0.000,< 0.006,0.008,0.008,0.01,< 0.09,0,< 10,NA
3,Resuellos 10m,Cabo Rojo,RESU10,West,W,17.99116,-67.2332,10,2,14,24,2/14/2024,10:55,11:22,27.13,0.60,36.45,0.61,6.59,0.55,8.19,0.57,27.09,6.56,36.58,6.48,6.80,6.58,8.20,6.54,> 6.5,0.5,6.5,1996,1993,2314,2314,0.77,1.12,0,< 0.1,4.8,0.6,0.38,0.001,< 0.006,0.001,< 0.003,0.46,0.46,0,< 10,NA
3,El Seco 30m,Isla Vieques,SECO30,Vieques/Culebra,E,18.13869,-65.1971,30,1,30,24,1/30/2024,7:43,8:28,26.34,0.45,36.80,0.46,6.29,0.46,8.17,0.57,26.35,29.73,36.91,29.71,6.11,29.18,8.19,29.37,23.0,0.5,29.5,2030,2028,2343,2353,0.01,0.01,0,< 0.1,5.9,0,0.58,0.001,< 0.006,0.007,0.007,-0.09,< 0.09,0,< 10,NA
3,Esperanza 10m,Isla Vieques,ESPE10-R,Vieques/Culebra,E,18.08057,-65.4879,10,1,30,24,1/30/2024,9:56,10:20,27.08,0.48,36.66,0.46,6.40,0.50,8.23,0.55,27.07,9.05,36.78,9.21,6.08,9.07,8.21,9.05,> 9.5,0.5,9.0,2009,2014,2273,2275,0.14,0.14,0,< 0.1,4.7,0.05,0.38,0.000,< 0.006,-0.003,< 0.003,-0.15,< 0.09,0,< 10,NA
3,Media Luna 5m,La Parguera,MLUN05,Southwest,SW,17.93937,-67.0507,5,1,29,24,1/29/2024,10:05,10:30,26.85,0.45,36.35,0.44,6.65,0.49,8.21,0.49,26.78,3.03,36.36,3.09,6.47,3.07,8.19,3.14,> 3,0.5,3.0,1994,2005,2309,2310,0.15,0.01,0,< 0.1,4.6,0.4,0.54,0.001,< 0.006,0.006,0.006,-0.03,< 0.09,0,< 10,NA
3,Dakiti 20m,Isla Culebra,DAKI20,Vieques/Culebra,E,18.27587,-65.2773,20,2,1,24,2/1/2024,7:23,8:00,26.88,0.53,36.80,0.53,6.58,0.55,8.20,0.53,26.90,22.48,36.91,22.25,6.23,22.23,8.21,22.11,18.7,0.5,22.5,2025,2028,2351,2350,0.28,0.20,0,< 0.1,6.2,0,0.38,0.001,< 0.006,0.008,0.008,0.04,< 0.09,0,< 10,NA
3,Boya Vieja 20m,La Parguera,BOYA20,Southwest,SW,17.88827,-66.9978,20,1,29,24,1/29/2024,8:31,9:00,27.35,0.49,36.26,0.54,6.55,0.53,8.23,0.51,27.37,18.13,36.35,17.79,6.12,18.00,8.22,18.12,> 18,0.5,18.0,1990,1998,2319,2324,0.12,0.17,0,< 0.1,1.0,0,0.43,0.000,< 0.006,0.005,0.005,0.02,< 0.09,10,10,NA
3,Esperanza 10m,Isla Vieques,ESPE10,Vieques/Culebra,E,18.08057,-65.4879,10,1,30,24,1/30/2024,9:28,9:53,27.06,0.53,36.61,0.45,6.45,0.52,8.23,0.48,27.08,9.54,36.78,9.48,5.91,9.43,8.20,9.61,> 9.5,0.5,9.5,2010,2021,2338,2350,0.01,0.05,0,< 0.1,0.4,0,0.19,0.001,< 0.006,0.006,0.006,-0.06,< 0.09,0,< 10,NA
3,Cayo Diablo 5m,Fajardo,DIAB05,North/Northeast,E,18.36033,-65.5309,5,1,31,24,1/31/2024,7:05,7:37,26.84,0.51,36.83,0.53,6.27,0.55,8.19,0.54,26.87,8.48,36.91,8.33,6.07,8.50,8.19,8.46,> 8.5,0.5,8.0,2030,2036,2359,2363,0.53,0.43,0,< 0.1,1.3,0.15,0.19,0.000,< 0.006,0.003,0.003,-0.04,< 0.09,0,< 10,NA
3,Canjilones 15m,Isla Vieques,CANJ15,Vieques/Culebra,E,18.08964,-65.5901,15,1,30,24,1/30/2024,10:51,11:15,27.22,0.53,36.58,0.59,6.31,0.53,8.23,0.56,27.01,14.42,36.63,14.60,6.30,14.55,8.24,14.54,> 14.5,0.5,14.5,2010,2012,2339,2341,0.02,0.08,0,< 0.1,4.8,0.05,0.46,0.003,< 0.006,0.004,0.004,-0.07,< 0.09,0,< 10,NA
3,Palominitos 10m,Fajardo,PALT10,North/Northeast,E,18.33537,-65.5656,10,1,31,24,1/31/2024,8:14,8:40,26.71,0.37,36.75,0.52,6.66,0.56,8.22,0.55,26.74,8.69,36.80,8.57,6.51,8.50,8.22,8.47,> 8.5,0.5,8.5,2019,2017,2360,2339,0.44,0.66,0,< 0.1,2.5,0.2,0.38,0.002,< 0.006,0.003,0.003,0.51,0.51,0,< 10,NA
3,Cabezas de San Juan 5m,Fajardo,CABE05,North/Northeast,E,18.38544,-65.6297,5,1,31,24,1/31/2024,10:12,10:23,26.86,0.34,36.40,0.44,6.67,0.54,8.22,0.48,26.90,5.99,36.61,5.96,6.39,6.01,8.22,5.94,> 6,0.5,6.0,2009,2003,2331,2334,0.33,0.17,0,< 0.1,0.0,0.25,0.41,0.001,< 0.006,0.010,0.010,0.23,0.23,0,< 10,NA
3,Palominos 20m,Fajardo,PALN20,North/Northeast,E,18.35466,-65.5671,20,1,31,24,1/31/2024,9:16,9:40,26.84,0.59,36.84,0.60,6.45,0.57,8.21,0.56,26.81,15.95,36.89,16.30,6.22,16.28,8.21,15.83,8.0,0.5,16.0,2024,2029,2342,2354,0.34,0.50,0,< 0.1,3.0,0.2,0.22,0.001,< 0.006,0.001,< 0.003,0.41,0.41,0,< 10,NA
3,Efras Wall 20m,La Parguera,EWAL20,Southwest,SW,17.8976,-66.9599,20,1,29,24,1/29/2024,7:35,8:13,27.36,0.59,36.31,0.56,6.61,0.45,8.19,0.57,27.35,18.14,36.34,18.36,6.27,18.08,8.21,18.30,> 18,0.5,18.0,1996,1996,2319,2323,0.17,0.05,0,< 0.1,4.6,0,0.43,0.001,< 0.006,0.010,0.010,0.73,0.73,30,30,NA
3,Gallardo 5m,Cabo Rojo,GALL05,West,W,18.0017,-67.3299,5,2,14,24,2/14/2024,7:55,8:26,27.04,0.44,36.62,0.42,6.26,0.45,8.18,0.51,27.04,6.02,36.63,6.11,6.13,6.12,8.18,6.21,> 3,0.5,6.0,2004,2004,2320,2317,0.25,1.72,0,< 0.1,7.4,0,0.40,0.001,< 0.006,0.034,0.034,0.16,0.16,0,< 10,NA
3,Canal Luis Pena 5m,Isla Culebra,LPEN05,Vieques/Culebra,E,18.30493,-65.3277,5,2,1,24,2/1/2024,8:29,8:50,26.82,0.46,36.88,0.45,6.53,0.41,8.22,0.47,26.75,4.47,36.87,4.47,6.00,4.49,8.19,4.45,> 5,0.5,4.5,2025,2028,2343,2345,0.36,0.36,0,< 0.1,6.2,0,0.38,0.001,< 0.006,0.009,0.009,-0.02,< 0.09,0,< 10,NA
3,Derrumbadero 20m,Ponce,DERR20,South,S,17.904,-66.6086,20,2,2,24,2/2/2024,11:16,11:45,27.50,0.50,36.44,0.46,6.52,0.48,8.24,0.50,27.31,18.07,36.50,18.17,6.54,18.23,8.25,18.24,> 18,0.5,18.0,1983,1985,2315,2317,0.25,0.30,0,< 0.1,4.9,0,0.04,0.000,< 0.006,0.004,0.004,-0.07,< 0.09,0,< 10,NA
3,Cayo Caribes 10m,Salinas,CARI10,Southeast,S,17.91533,-66.2141,10,2,2,24,2/2/2024,8:53,9:22,27.18,0.49,36.67,0.50,6.68,0.50,8.21,0.49,27.18,10.03,36.54,10.02,6.44,9.97,8.21,10.06,> 10,0.5,9.0,1995,1991,2326,2318,0.29,0.24,0,< 0.1,6.1,0.1,0.41,0.001,< 0.006,0.009,0.009,0.03,< 0.09,0,< 10,NA
3,Cayo Ratones 5m,Salinas,RATO05,Southeast,S,17.9346,-66.3025,5,2,2,24,2/2/2024,9:39,9:59,27.29,0.46,36.59,0.51,6.71,0.49,8.21,0.50,27.30,3.53,36.40,3.54,6.76,3.55,8.21,3.51,> 3.5,0.5,3.5,1994,1997,2323,2314,0.37,0.43,0,< 0.1,7.7,0.2,0.43,0.003,< 0.006,0.004,0.004,-0.10,< 0.09,0,< 10,NA
3,Guanajibo 20m,Mayaguez,GUAN20,West,W,18.17202,-67.253,20,2,16,24,2/16/2024,9:30,10:00,27.07,0.48,36.72,0.47,6.33,0.51,8.21,0.55,26.96,17.63,36.85,17.64,6.11,17.62,8.21,17.66,> 17.5,0.5,17.5,2011,2015,2333,2339,0.55,0.76,0,< 0.1,3.1,0,0.56,0.005,< 0.006,0.006,0.006,0.08,< 0.09,0,< 10,NA
3,West Reef 10m,Ponce,CDMU10,South,S,17.89502,-66.5284,10,2,2,24,2/2/2024,10:32,10:59,27.46,0.48,36.30,0.50,6.74,0.51,8.23,0.46,27.34,7.93,36.36,8.06,6.58,7.96,8.24,8.02,> 8,0.5,8.0,1991,1989,2318,2320,0.13,0.55,0,< 0.1,6.5,0.05,0.40,0.003,< 0.006,0.126,0.126,0.12,0.12,0,< 10,NA
3,Cayo Rodriguez 5m,Mayaguez,RODR05,West,W,18.1893,-67.1919,5,2,14,24,2/14/2024,9:45,10:05,26.76,0.48,36.62,0.52,6.68,0.49,8.18,0.48,26.72,4.05,36.73,3.99,6.55,4.08,8.18,4.01,> 4,0.5,4.0,2014,2011,2321,2317,0.75,0.58,0,< 0.1,6.5,0.45,0.77,0.005,< 0.006,0.004,0.004,0.31,0.31,0,< 10,NA
3,Dominos 5m,San Juan,DOMI05-R,North/Northeast,N,18.46222,-66.0517,5,2,15,24,2/15/2024,9:58,10:16,27.24,0.48,37.06,0.57,6.57,0.61,8.18,0.55,27.21,2.09,37.10,2.09,6.63,2.10,8.18,2.20,> 2,0.5,2.0,2025,2031,2326,2337,0.27,0.49,0,< 0.1,4.5,0.1,0.39,0.003,< 0.006,0.006,0.006,0.04,<0.09,0,< 10,NA
3,Manchas Exteriores 20m,Mayaguez,MEXT20,West,W,18.2335,-67.2009,20,2,16,24,2/16/2024,7:56,8:37,26.98,0.48,36.59,0.46,6.75,0.46,8.18,0.47,26.94,10.44,36.78,16.54,6.30,16.46,8.20,16.40,13.3,0.5,16.5,2014,2014,2336,2343,0.71,0.62,0,< 0.1,8.1,0.05,0.35,0.000,< 0.006,0.024,0.024,0.00,< 0.09,0,< 10,NA
3,Gallardo 5m,Cabo Rojo,GALL05-R,West,W,18.0017,-67.3299,5,2,14,24,2/14/2024,8:26,8:44,27.04,0.53,36.54,0.54,6.57,0.73,8.20,0.55,27.05,6.00,36.56,5.97,6.19,6.18,8.20,6.23,> 6,0.5,6.0,2004,2005,2335,2329,0.52,0.64,0,< 0.1,7.5,0,0.17,0.003,< 0.006,0.011,0.011,0.30,0.30,0,< 10,NA
3,Dominos 5m,San Juan,DOMI05,North/Northeast,N,18.46222,-66.0517,5,2,15,24,2/15/2024,9:32,9:52,27.21,0.41,37.20,0.52,6.54,0.56,8.17,0.47,27.19,2.09,37.18,1.90,6.57,2.01,8.17,2.00,> 2,0.5,2.0,2033,2031,2347,2347,0.95,0.35,0,< 0.1,7.8,0.05,0.00,0.003,< 0.006,0.006,0.006,0.11,0.11,0,< 10,NA
3,Cibuco 10m,Vega Baja,CIBU10,North/Northeast,N,18.48955,-66.3736,10,2,15,24,2/15/2024,7:02,7:53,27.05,0.53,36.71,0.52,6.39,0.49,8.11,0.45,27.01,3.00,36.69,2.98,5.85,2.95,8.12,3.00,> 3,0.5,3.0,2052,2061,2348,2359,0.03,0.21,0,< 0.1,5.0,0.05,0.53,0.005,< 0.006,0.008,0.008,0.15,0.15,0,< 10,NA
3,Guanajibo 20m,Mayaguez,GUAN20-R,West,W,18.17202,-67.253,20,2,16,24,2/16/2024,10:02,10:23,27.09,0.50,36.58,0.48,6.45,0.49,8.22,0.52,27.00,17.65,36.82,17.44,6.21,17.43,8.21,17.53,> 17.5,0.5,17.5,2008,2002,2338,2332,0.63,0.87,0,< 0.1,3.7,0,0.40,0.004,< 0.006,0.004,0.004,-0.03,< 0.09,0,< 10,NA
3,Tres Palmas 5m,Rincon,TRES05,West,W,18.35072,-67.2669,5,2,21,24,2/21/2024,12:49,13:07,28.19,0.48,37.22,0.63,6.16,0.45,8.17,0.47,27.92,2.46,36.83,2.46,6.41,2.57,8.17,2.59,> 2.5,0.5,2.5,2006,2007,2314,2319,0.11,0.79,0,< 0.1,4.4,0.3,0.19,0.002,< 0.006,0.008,0.008,-0.01,< 0.09,0,< 10,NA
3,Manchas Exteriores 10m,Mayaguez,MEXT10,West,W,18.23353,-67.2006,10,2,16,24,2/16/2024,8:45,9:05,26.98,0.54,36.67,0.56,6.59,0.50,8.22,0.55,26.98,7.57,36.70,7.58,6.38,7.57,8.22,7.53,> 7.5,0.5,7.5,2013,2013,2334,2338,0.29,0.66,0,< 0.1,5.6,0,0.46,0.002,< 0.006,0.049,0.049,0.12,0.12,0,< 10,NA
3,Puerto Canoas 30m,Isla Desecheo,CANO30,Mona/Desecheo,W,18.37747,-67.484,30,2,21,24,2/21/2024,9:08,9:28,27.43,0.46,36.86,0.48,6.67,0.46,8.14,0.45,27.30,30.03,36.78,30.07,6.54,30.10,8.19,30.07,> 30,0.5,28.0,2000,2007,2335,2334,0.22,0.22,0,< 0.1,7.4,0,0.39,0.000,< 0.006,0.010,0.010,0.36,0.36,0,< 10,NA
3,Puerto Botes 20m,Isla Desecheo,BOTE20,Mona/Desecheo,W,18.38158,-67.4886,20,2,21,24,2/21/2024,9:38,10:05,27.45,0.48,36.85,0.40,6.50,0.44,8.21,0.45,27.34,18.53,36.85,18.49,8.39,18.14,8.22,18.04,> 19,0.5,18.5,1993,2004,2353,2346,0.05,0.08,0,< 0.1,5.4,0.05,0.00,0.003,< 0.006,-0.004,< 0.003,0.20,0.20,0,< 10,NA
3,Tres Palmas 20m,Rincon,TRES20,West,W,18.34652,-67.2712,20,2,21,24,2/21/2024,11:47,12:12,27.79,0.48,36.79,0.53,6.30,0.50,8.19,0.51,27.31,19.52,36.70,19.66,6.45,19.50,8.21,19.14,> 19.5,0.5,19.5,2011,2010,2344,2349,0.30,0.55,0,< 0.1,4.8,0.05,0.18,0.001,< 0.006,0.006,0.006,0.26,0.26,0,< 10,NA
3,Tres Palmas 10m,Rincon,TRES10,West,W,18.34732,-67.27,10,2,21,24,2/21/2024,12:17,12:39,27.69,0.64,36.82,0.51,6.27,0.50,8.20,0.55,27.58,8.61,36.60,8.50,6.49,8.41,8.21,8.52,> 8.5,0.5,8.5,2010,2008,2350,2347,0.08,0.05,0,< 0.1,7.3,0,0.48,0.002,< 0.006,0.007,0.007,0.23,0.23,0,< 10,NA
3,Puerto Botes 15m,Isla Desecheo,BOTE15,Mona/Desecheo,W,18.382,-67.4883,15,2,21,24,2/21/2024,10:15,10:45,27.43,0.45,36.75,0.43,6.61,0.50,8.22,0.48,27.40,15.98,36.82,16.55,6.91,16.92,8.22,16.72,> 17,0.5,16.5,2008,2009,2335,2335,0.20,0.77,0,< 0.1,5.8,0,0.54,0.001,< 0.006,0.004,0.004,0.06,< 0.09,0,< 10,NA
4,Maria Langa 10m,Guayanilla,MLAN10,South,S,17.96093,-66.7529,10,4,8,2024,4/8/2024,9:18,9:40,29.25,0.48,37.32,0.52,5.87,0.50,8.16,0.51,28.78,8.52,37.20,8.49,6.18,8.50,8.20,8.52,> 8.5,0.5,8.5,2035,2021,2344,2344,0.05,0.09,0,< 0.1,5.4,0.15,0.46,0.000,< 0.007,0.010,0.010,0.04,< 0.08,0,< 10,NA
4,Maria Langa 5m,Guayanilla,MLAN05,South,S,17.96488,-66.7565,5,4,8,2024,4/8/2024,9:48,10:12,29.39,0.56,37.21,0.60,5.92,0.57,8.16,0.56,29.02,3.51,37.22,3.55,5.96,3.59,8.14,3.58,> 3.5,0.5,3.5,2025,2036,2335,2333,0.21,0.20,0,< 0.1,6.7,0.2,0.38,0.014,0.014,0.009,0.009,0.11,0.11,0,< 10,NA
4,Cayo Coral 10m,Guanica,CORA10,Southwest,SW,17.9362,-66.8884,10,4,9,2024,4/9/2024,9:10,9:38,28.97,0.52,36.98,0.45,6.13,0.49,8.09,0.47,28.51,16.06,37.02,16.21,5.98,16.00,8.11,16.03,15.3,0.5,16.0,2021,2024,2339,2347,0.40,0.68,0,< 0.1,6.1,0.2,0.17,0.013,0.013,0.006,0.006,0.08,< 0.08,0,< 10,NA
4,Maria Langa 20m,Guayanilla,MLAN20,South,S,17.95953,-66.747,20,4,8,2024,4/8/2024,8:32,9:06,29.21,0.53,36.24,0.53,6.22,0.52,8.15,0.58,28.02,22.01,37.18,22.12,6.23,22.02,8.20,21.99,14.8,0.5,19.5,2017,2013,2343,2351,0.15,0.55,0,< 0.1,7.3,0.2,0.42,0.009,0.009,0.010,0.010,0.45,0.45,0,< 10,NA
4,Boya Vieja 20m,La Parguera,BOYA20,Southwest,SW,17.88827,-66.9978,20,4,18,2024,4/18/2024,12:46,1:08,29.15,0.45,37.08,0.51,6.32,0.45,8.12,0.51,28.32,17.56,37.05,17.33,6.16,17.48,8.12,17.46,> 17.5,0.5,17.5,2025,2031,2360,2359,0.44,0.38,0,< 0.1,6.8,0,0.18,0.004,< 0.007,0.004,0.004,1.06,1.06,0,< 10,NA
4,Cayo Aurora 5m,Guanica,AURO05,Southwest,SW,17.9369,-66.8738,5,4,9,2024,4/9/2024,7:47,8:14,28.92,0.51,36.94,0.56,5.56,0.59,8.02,0.50,28.94,3.02,36.90,3.07,5.23,3.03,8.03,3.02,> 3,0.5,3.0,2049,2042,2343,2341,0.33,0.66,0,< 0.1,5.1,0.2,0.30,0.039,0.039,0.021,0.021,0.23,0.23,0,< 10,NA
4,Efras Wall 20m,La Parguera,EWAL20,Southwest,SW,17.8976,-66.9599,20,4,9,2024,4/9/2024,10:21,10:47,28.48,0.47,36.96,0.45,6.51,0.55,8.14,0.53,28.40,17.99,37.08,18.07,6.46,17.88,8.14,17.78,> 18,0.5,18.0,2022,2018,2356,2359,0.41,0.45,0,< 0.1,7.8,0.05,0.69,0.005,< 0.007,0.005,0.005,0.42,0.42,0,< 10,NA
4,Cayo Aurora 5m,Guanica,AURO05-R,Southwest,SW,17.9369,-66.8738,5,4,9,2024,4/9/2024,8:20,8:47,28.91,0.54,37.00,0.48,5.68,0.38,8.04,0.44,28.94,3.03,36.93,3.47,5.32,3.58,8.05,3.57,> 3.5,0.5,3.5,2047,2045,2343,2340,0.63,0.69,0,< 0.1,5.4,0.35,0.21,0.007,0.007,0.009,0.009,0.14,0.14,0,< 10,NA
4,Tres Palmas 20m,Rincon,TRES20,West,W,18.34652,-67.2712,20,4,23,2024,4/23/2024,11:22,11:42,28.17,0.47,36.93,0.42,6.47,0.46,8.09,0.51,27.89,16.00,37.02,16.04,6.51,16.05,8.11,15.99,11.3,0.5,16.0,2026,2024,2362,2376,0.61,0.33,0,< 0.1,6.1,0,0.34,0.001,< 0.007,0.007,0.007,0.11,0.11,0,< 10,NA
4,Cayo Rodriguez 5m,Mayaguez,RODR05,West,W,18.1893,-67.1919,5,4,10,2024,4/10/2024,8:23,8:48,28.47,0.52,36.04,0.46,6.47,0.53,8.08,0.57,28.48,9.07,37.18,8.95,6.19,8.92,8.10,8.99,3.0,0.5,9.0,2025,2021,2366,2358,0.34,0.21,0,< 0.1,6.6,0.45,0.95,0.004,< 0.007,0.015,0.015,0.03,< 0.08,0,< 10,NA
4,Media Luna 10m,La Parguera,MLUN10,Southwest,SW,17.93472,-67.0485,10,4,10,2024,4/10/2024,11:29,11:47,29.03,0.53,37.00,0.50,6.06,0.46,8.09,0.49,28.80,10.03,37.00,9.88,6.33,9.92,8.11,10.07,> 10,0.5,10.0,2023,2011,2427,2351,0.28,0.06,0,< 0.1,20.9,0.3,0.38,0.005,< 0.007,0.015,0.015,0.91,0.91,0,< 10,NA
4,Resuellos 10m,Cabo Rojo,RESU10,West,W,17.99116,-67.2332,10,4,10,2024,4/10/2024,10:15,10:34,28.89,0.51,36.99,0.66,6.42,0.48,8.12,0.46,28.81,8.55,37.00,8.60,6.48,8.41,8.12,8.49,> 9,0.5,8.5,1996,1992,2329,2328,0.58,0.04,0,< 0.1,7.8,0.2,0.38,0.003,< 0.007,0.013,0.013,0.44,0.44,0,< 10,NA
4,Cayo Rodriguez 5m,Mayaguez,RODR05-R,West,W,18.1893,-67.1919,5,4,10,2024,4/10/2024,8:52,9:17,28.49,0.49,37.21,0.53,6.40,0.53,8.12,0.56,28.42,8.99,37.27,8.87,6.17,8.99,8.12,8.98,3.2,0.5,9.0,2022,2023,2353,2351,0.89,0.48,0,< 0.1,6.0,0.1,0.89,0.001,< 0.007,0.004,0.004,-0.06,< 0.08,0,< 10,NA
4,Guanajibo 20m,Mayaguez,GUAN20,West,W,18.17202,-67.253,20,4,25,2024,4/25/2024,9:20,9:47,28.63,0.48,37.25,0.48,6.21,0.51,8.17,0.48,28.29,16.66,37.34,16.51,5.70,16.55,8.16,16.49,12.8,0.5,16.5,2025,2033,2347,2353,0.21,0.27,0,< 0.1,8.0,0,0.00,-0.001,< 0.006,0.019,0.019,-0.08,< 0.08,0,< 10,NA
4,Media Luna 5m,La Parguera,MLUN05,Southwest,SW,17.93937,-67.0507,5,4,10,2024,4/10/2024,11:58,12:16,29.49,0.48,37.06,0.45,7.14,0.46,8.14,0.51,29.46,2.48,37.04,2.49,7.19,2.54,8.14,2.51,> 2.5,0.5,2.5,1985,1989,2345,2338,0.75,0.75,0,< 0.1,4.7,0.15,0.60,0.008,0.008,0.010,0.010,0.32,0.32,0,< 10,NA
4,Tourmaline 30m,Cabo Rojo,TOUR30,West,W,18.16637,-67.2763,30,4,25,2024,4/25/2024,9:48,10:13,28.82,0.50,37.34,0.52,6.29,0.55,8.18,0.50,28.09,30.09,37.36,30.06,6.12,30.30,8.18,30.02,13.5,0.5,30.0,2010,2031,2342,2359,0.48,0.39,0,< 0.1,6.4,0.1,0.57,-0.001,< 0.006,0.014,0.014,0.38,0.38,0,< 10,NA
4,Cayo Caribes 10m,Salinas,CARI10,Southeast,S,17.91533,-66.2141,10,4,18,2024,4/18/2024,8:45,9:14,28.43,0.51,36.90,0.55,6.50,0.64,8.07,0.51,28.30,8.53,37.06,8.35,6.42,8.46,8.10,8.49,> 8.5,0.5,8.5,2004,2003,2339,2339,0.09,0.30,0,< 0.1,6.9,0.05,0.15,0.005,< 0.007,0.013,0.013,0.08,< 0.08,0,< 10,NA
4,West Reef 10m,Ponce,CDMU10,South,S,17.89502,-66.5284,10,4,18,2024,4/18/2024,10:40,11:01,28.40,0.56,37.12,0.54,6.38,0.54,8.12,0.51,28.20,13.99,37.18,13.95,6.50,13.96,8.14,13.98,> 14,0.5,14.0,2008,2009,2347,2349,0.28,0.31,0,< 0.1,6.1,0,0.66,0.006,< 0.007,0.005,0.005,NA,NA,0,< 10,NA
4,Derrumbadero 20m,Ponce,DERR20,South,S,17.904,-66.6086,20,4,18,2024,4/18/2024,11:20,11:44,28.87,0.55,37.09,0.52,6.30,0.55,8.11,0.55,28.12,16.56,37.04,16.51,6.50,16.22,8.13,16.39,> 17,0.5,16.5,2011,2020,2348,2353,0.70,0.32,0,< 0.1,7.0,0,0.49,0.025,0.025,0.013,0.013,0.23,0.23,0,< 10,NA
4,Puerto Canoas 30m,Isla Desecheo,CANO30,Mona/Desecheo,W,18.37747,-67.484,30,4,23,2024,4/23/2024,8:53,9:20,28.15,0.54,36.90,0.55,6.49,0.51,8.06,0.55,27.67,21.00,37.08,21.10,6.31,21.10,8.08,21.19,> 21,0.5,21.0,2027,2028,2367,2362,0.19,0.42,0,< 0.1,2.3,0,0.19,0.006,< 0.007,0.001,0.001,0.08,< 0.08,0,< 10,NA
4,Puerto Botes 20m,Isla Desecheo,BOTE20,Mona/Desecheo,W,18.38158,-67.4886,20,4,23,2024,4/23/2024,9:32,9:48,28.17,0.54,36.94,0.52,6.53,0.57,8.08,0.47,27.84,18.00,37.07,18.24,6.30,18.05,8.10,18.02,> 18,0.5,18.0,2029,2028,2367,2360,0.22,0.23,0,< 0.1,9.9,0,0.18,0.003,< 0.007,0.009,0.009,0.06,< 0.08,0,< 10,NA
4,Puerto Botes 15m,Isla Desecheo,BOTE15,Mona/Desecheo,W,18.382,-67.4883,15,4,23,2024,4/23/2024,9:51,10:09,28.05,0.46,36.99,0.54,6.51,0.51,8.09,0.48,28.06,15.50,37.03,15.57,6.33,15.54,8.10,15.40,> 15.5,0.5,15.5,2032,2025,2357,2358,0.37,0.61,0,< 0.1,6.2,0,0.15,0.002,< 0.006,0.022,0.022,0.34,0.34,0,< 10,NA
4,Manchas Exteriores 20m,Mayaguez,MEXT20,West,W,18.2335,-67.2009,20,4,25,2024,4/25/2024,7:58,8:31,28.22,0.52,37.15,0.58,6.51,0.53,8.12,0.52,28.13,22.10,37.37,22.08,6.20,21.94,8.16,22.04,11.5,0.5,22.0,2027,2030,2339,2356,0.37,0.32,0,< 0.1,6.6,0.6,0.85,0.000,< 0.006,0.017,0.017,0.25,0.25,0,< 10,NA
4,Tres Palmas 10m,Rincon,TRES10,West,W,18.34732,-67.27,10,4,23,2024,4/23/2024,11:50,12:10,28.16,0.51,36.90,0.50,6.54,0.48,8.09,0.50,27.99,11.50,36.91,11.62,6.53,11.58,8.11,11.55,> 11.5,0.5,11.5,2018,2023,2356,2359,0.52,0.65,0,< 0.1,5.4,0.05,0.35,0.008,0.008,0.001,0.001,0.09,0.09,0,< 10,NA
4,Tres Palmas 5m,Rincon,TRES05,West,W,18.35072,-67.2669,5,4,23,2024,4/23/2024,12:18,12:34,28.37,0.46,36.89,0.47,6.47,0.47,8.03,0.48,28.25,3.06,37.04,3.01,6.50,3.01,8.08,3.05,> 3,0.5,3.0,2025,2023,2360,2345,0.74,0.48,0,< 0.1,6.0,0,0.00,0.009,0.009,0.002,0.002,0.08,< 0.08,0,< 10,NA
4,Manchas Exteriores 10m,Mayaguez,MEXT10,West,W,18.23353,-67.2006,10,4,25,2024,4/25/2024,8:41,8:57,28.23,0.48,37.15,0.50,6.27,0.51,8.17,0.50,28.21,7.05,37.24,7.02,6.15,7.06,8.17,7.11,> 7,0.5,7.0,2030,2034,2362,2354,0.39,0.33,0,< 0.1,6.9,0.05,0.32,0.001,< 0.006,0.020,0.020,0.46,0.46,0,< 10,NA
4,Tourmaline 10m,Cabo Rojo,TOUR10,West,W,18.16304,-67.2737,10,4,25,2024,4/25/2024,10:49,11:09,28.85,0.50,37.35,0.51,6.20,0.56,8.18,0.57,28.10,10.03,37.34,9.93,6.27,9.90,8.18,9.87,> 10,0.5,10.0,2020,2028,2340,2355,0.40,0.27,0,< 0.1,9.6,0.05,0.52,-0.001,< 0.006,0.012,0.012,0.16,0.16,0,< 10,NA
4,El Negro 5m,Cabo Rojo,NEGR05,West,W,18.14658,-67.2476,5,4,25,2024,4/25/2024,12:00,12:15,28.86,0.50,37.24,0.49,6.33,0.43,8.18,0.46,28.80,4.05,37.35,4.10,6.35,3.81,8.19,3.98,> 4,0.5,4.0,2007,2007,2339,2336,0.57,0.05,0,< 0.1,23.7,0.2,0.55,0.000,< 0.006,0.013,0.013,0.28,0.28,0,< 10,NA
4,Cayo Ratones 5m,Salinas,RATO05,Southeast,S,17.9346,-66.3025,5,4,18,2024,4/18/2024,9:29,9:46,28.55,0.55,37.16,0.58,6.10,0.50,8.09,0.48,28.49,4.62,37.15,4.55,6.07,4.48,8.10,4.51,> 5,0.5,4.5,2017,2015,2332,2341,0.36,0.07,0,< 0.1,9.8,0.55,0.36,0.017,0.017,0.003,0.003,0.20,0.20,0,< 10,NA
4,Cabezas de San Juan 5m,Fajardo,CABE05,North/Northeast,E,18.38544,-65.6297,5,5,5,2024,5/5/2024,10:57,11:11,27.66,0.48,37.01,0.50,6.58,0.43,8.14,0.46,27.47,4.10,37.01,4.03,6.76,4.01,8.15,4.08,> 4,0.5,4.0,2030,2025,2362,2363,0.48,0.32,0,< 0.1,5.5,0.9,0.33,-0.002,< 0.006,0.014,0.014,0.10,0.10,0,< 10,NA
4,Cibuco 10m,Vega Baja,CIBU10-R,North/Northeast,N,18.48955,-66.3736,5,5,3,2024,5/3/2024,7:41,8:02,27.51,0.60,36.83,0.52,6.44,0.46,8.14,0.46,27.46,8.94,36.82,9.02,6.27,8.96,8.13,9.05,8.6,0.5,9.0,2038,2040,2372,2369,0.39,0.42,0,< 0.1,5.4,0.1,0.16,0.002,< 0.006,0.017,0.017,0.00,< 0.08,0,< 10,NA
4,Cayo Diablo 5m,Fajardo,DIAB05,North/Northeast,E,18.36033,-65.5309,5,5,5,2024,5/5/2024,9:28,9:40,28.37,0.52,36.94,0.53,6.14,0.52,8.12,0.52,27.89,5.43,37.06,5.34,6.09,5.45,8.11,5.50,> 5.5,0.5,5.5,2020,2030,2349,2348,0.29,0.61,0,< 0.1,2.4,0.25,0.61,0.002,< 0.006,0.014,0.014,0.02,< 0.08,0,< 10,NA
4,Canal Luis Pena 5m,Isla Culebra,LPEN05,Vieques/Culebra,E,18.30493,-65.3277,5,5,5,2024,5/5/2024,7:57,8:13,28.44,0.51,37.04,0.47,6.31,0.50,8.10,0.49,28.42,5.04,37.08,5.05,5.99,4.99,8.10,5.02,> 5,0.5,5.0,2046,2049,2363,2361,0.37,0.03,0,< 0.1,5.8,0.15,0.41,0.001,< 0.006,0.015,0.015,0.13,0.13,0,< 10,NA
4,Dominos 5m,San Juan,DOMI05-R,North/Northeast,N,18.46222,-66.0517,5,5,3,2024,5/3/2024,10:25,10:42,27.52,0.48,37.06,0.49,6.34,0.48,8.12,0.49,27.33,4.06,37.08,3.97,6.40,3.97,8.13,3.77,> 4,0.5,4.0,2045,2045,2367,2366,0.35,0.39,0,< 0.1,3.4,0.4,0.23,0.000,< 0.006,0.018,0.018,-0.06,< 0.08,0,< 10,NA
4,Tourmaline 20m,Cabo Rojo,TOUR20,West,W,18.16517,-67.2752,20,4,25,2024,4/25/2024,10:20,10:43,28.95,0.51,37.40,0.52,6.27,0.50,8.18,0.52,28.09,19.27,37.40,19.04,6.12,18.94,8.18,18.97,14.8,0.5,19.0,2012,2034,2341,2356,0.41,0.20,0,< 0.1,9.6,0,1.00,0.000,< 0.006,0.015,0.015,0.20,0.20,0,< 10,NA
4,El Negro 10m,Cabo Rojo,NEGR10,West,W,18.14653,-67.248,10,4,25,2024,4/25/2024,12:19,12:34,28.92,0.49,37.43,0.47,6.33,0.54,8.19,0.50,28.73,8.09,37.45,8.19,6.33,8.38,8.19,8.30,7.5,0.5,8.0,2006,2010,2339,2341,0.32,0.07,0,< 0.1,6.5,0.25,0.61,-0.001,< 0.006,0.012,0.012,0.16,0.16,0,< 10,NA
4,El Negro 20m,Cabo Rojo,NEGR20,West,W,18.14653,-67.248,10,4,25,2024,4/25/2024,11:28,11:53,28.85,0.54,37.30,0.52,6.27,0.50,8.18,0.51,28.64,15.96,37.37,15.94,6.15,15.82,8.18,15.92,8.3,0.5,16.0,2013,2015,2344,2343,0.57,0.61,0,< 0.1,25.6,0.2,0.57,0.000,< 0.006,0.012,0.012,0.23,0.23,0,< 10,NA
4,Dominos 5m,San Juan,DOMI05,North/Northeast,N,18.46222,-66.0517,5,5,3,2024,5/3/2024,10:03,10:20,27.62,0.54,37.02,0.47,6.26,0.51,8.12,0.59,27.26,4.02,37.02,4.26,6.30,4.07,8.13,3.94,> 4,0.5,4.0,2043,2057,2365,2366,0.27,0.57,0,< 0.1,5.1,0.15,0.53,-0.001,< 0.006,0.021,0.021,0.06,< 0.08,0,< 10,NA
4,Carlos Rosario 10m,Isla Culebra,CROS10,Vieques/Culebra,E,18.32779,-65.332,10,5,5,2024,5/5/2024,8:25,8:41,28.37,0.50,37.02,0.45,6.34,0.47,8.12,0.49,28.38,10.50,37.05,10.51,6.27,10.52,8.12,10.49,> 10.5,0.5,10.0,2030,2032,2364,2360,0.41,0.51,0,< 0.1,4.1,0.2,0.93,0.000,< 0.006,0.014,0.014,-0.06,< 0.08,0,< 10,NA
4,Palominitos 10m,Fajardo,PALT10,North/Northeast,E,18.33537,-65.5656,10,5,4,2024,5/4/2024,12:45,1:10,28.73,0.48,36.83,0.35,6.32,0.48,8.19,0.47,28.35,5.46,36.80,5.40,6.44,5.45,8.19,5.25,> 5.5,0.5,5.0,1996,1993,2332,2331,0.48,0.72,0,< 0.1,3.0,0.5,0.72,0.000,< 0.006,0.012,0.012,0.11,0.11,0,< 10,NA
4,Palominos 20m,Fajardo,PALN20,North/Northeast,E,18.35466,-65.5671,20,5,5,2024,5/5/2024,10:19,10:36,28.06,0.46,36.85,0.61,6.35,0.54,8.12,0.41,27.49,13.45,37.19,13.51,6.16,13.48,8.13,13.58,10.2,0.5,13.5,1993,NA,2315,NA,0.51,0.54,0,< 0.1,3.1,0.1,0.26,0.02,0.020,0.054,0.054,0.42,0.42,0,< 10,NA
4,Cibuco 10m,Vega Baja,CIBU10,North/Northeast,N,18.48955,-66.3736,10,5,3,2024,5/3/2024,7:10,7:36,27.50,0.58,36.74,0.48,6.49,0.51,8.12,0.54,27.46,9.47,36.85,9.76,6.17,9.51,8.10,9.52,6.9,0.5,9.5,2043,2045,2372,2375,0.48,0.36,0,< 0.1,4.4,0.25,0.19,-0.001,< 0.006,0.016,0.016,0.05,< 0.08,0,< 10,NA
4,Dakiti 20m,Isla Culebra,DAKI20,Vieques/Culebra,E,18.27587,-65.2773,20,5,5,2024,5/5/2024,7:05,7:27,28.30,0.50,37.04,0.46,6.40,0.54,8.07,0.50,28.27,17.05,37.16,17.25,6.08,17.09,8.09,17.07,13.5,0.5,17.0,2042,2038,2367,2367,0.31,0.26,0,< 0.1,6.9,0.15,0.36,0.000,< 0.006,0.016,0.016,0.37,0.37,0,< 10,NA
4,Canjilones 15m,Isla Vieques,CANJ15,Vieques/Culebra,E,18.08964,-65.5901,15,5,4,2024,5/4/2024,11:31,11:55,28.70,0.52,37.18,0.58,6.32,0.48,8.17,0.59,28.53,15.00,37.11,14.91,6.15,14.77,8.18,14.84,> 14.5,0.5,14.5,2030,2034,2362,2361,0.42,0.97,0,< 0.1,9.1,0,0.38,0.000,< 0.006,0.016,0.016,-0.10,< 0.08,0,< 10,NA
4,El Seco 30m,Isla Vieques,SECO30,Vieques/Culebra,E,18.13869,-65.1971,30,5,4,2024,5/4/2024,8:49,9:24,28.38,0.49,36.98,0.47,6.58,0.48,8.15,0.49,28.06,29.83,37.14,30.05,5.91,29.83,8.14,29.54,> 18,0.5,30.0,2032,2026,2369,2365,0.92,0.70,0,< 0.1,3.0,0,0.61,-0.001,< 0.006,0.013,0.013,0.04,< 0.08,0,< 10,NA
4,Esperanza 10m,Isla Vieques,ESPE10,Vieques/Culebra,E,18.08057,-65.4879,10,5,4,2024,5/4/2024,10:46,11:08,28.67,0.52,37.02,0.51,6.32,0.51,8.16,0.49,28.66,7.99,37.12,8.00,6.40,7.91,8.18,7.99,> 8,0.5,8.0,2033,2024,2359,2355,1.39,0.98,0,< 0.1,2.4,0,0.62,0.001,< 0.006,0.016,0.016,-0.01,< 0.08,0,< 10,NA
4,Cayo Diablo 5m,Fajardo,DIAB05-R,North/Northeast,E,18.36033,-65.5309,5,5,5,2024,5/5/2024,9:44,9:57,28.43,0.49,36.90,0.53,6.26,0.43,8.11,0.53,27.86,5.53,37.12,5.51,6.15,5.50,8.12,5.57,> 5,0.5,5.5,2023,2031,2346,2241,0.52,0.52,0,< 0.1,4.6,0.05,0.48,-0.001,< 0.006,0.014,0.014,0.07,< 0.08,0,< 10,NA
5,Puerto Canoas 30m,Isla Desecheo,CANO30,Mona/Desecheo,W,18.37747,-67.484,30,6,18,2024,6/18/2024,7:45,8:20,29.84,0.68,37.27,0.68,6.19,0.68,8.09,0.68,29.78,21.70,37.27,21.70,6.50,20.50,8.08,20.50,>22,0.5,21.0,2036,2032,2374,2372,0.96,0.07,0,< 0.1,12.3,0,0.35,-0.003,<0.002,0.015,0.015,0.086,0.086,10,10,NA
5,Tres Palmas 5m,Rincon,TRES05,West,W,18.34652,-67.2712,20,6,18,2024,6/18/2024,9:49,10:10,30.21,0.55,36.90,0.59,6.22,0.56,8.10,0.57,30.22,1.70,37.07,1.64,6.29,1.56,8.10,1.54,>2,0.5,1.5,2025,2021,2358,2357,0.03,0.29,0,< 0.1,6.0,0.1,1.14,-0.004,<0.002,0.006,0.006,0.169,0.169,0,< 10,NA
5,Media Luna 5m,La Parguera,MLUN05-R,Southwest,SW,17.93937,-67.0507,5,6,21,2024,6/21/2024,10:28,10:46,30.67,0.50,37.33,0.49,6.58,0.50,8.18,0.51,30.68,3.23,37.42,3.17,6.81,3.22,8.18,3.18,>3,0.5,2.0,1998,1996,2338,2345,0.27,0.07,0,< 0.1,3.8,0.25,0.33,0.003,0.003,0.014,0.014,0.374,0.374,0,< 10,NA
5,Gallardo 5m,Cabo Rojo,GALL05,West,W,18.0017,-67.3299,5,6,21,2024,6/21/2024,7:20,7:47,30.15,0.58,37.29,0.50,5.75,0.47,8.04,0.65,30.15,8.51,37.33,8.43,5.54,8.41,8.10,8.57,>8,0.5,7.0,2046,2050,2368,2361,0.60,0.35,0,< 0.1,5.4,0,0.41,-0.004,<0.002,0.025,0.025,0.187,0.187,0,< 10,NA
5,Manchas Exteriores 10m,Mayaguez,MEXT10,West,W,18.23353,-67.2006,10,6,18,2024,6/18/2024,11:43,12:03,30.13,0.59,37.15,0.53,6.15,0.51,8.09,0.57,30.02,15.27,37.23,15.03,6.06,15.20,8.09,15.07,>15,0.5,8.0,2073,2073,2359,2359,0.06,0.32,0,< 0.1,3.9,0.05,0.49,0.009,0.009,0.012,0.012,0.115,0.115,0,< 10,NA
5,Tres Palmas 20m,Rincon,TRES20,West,W,18.34732,-67.27,10,6,18,2024,6/18/2024,10:38,10:55,30.70,0.51,37.08,0.50,6.12,0.50,8.11,0.46,29.97,16.31,37.29,16.07,6.34,15.94,8.11,15.94,7.1,0.5,15.0,2006,2018,2359,2362,0.19,0.17,0,< 0.1,3.9,0.2,0.33,0.002,0.002,0.009,0.009,0.399,0.399,0,< 10,NA
5,Tres Palmas 10m,Rincon,TRES10,West,W,18.35072,-67.2669,5,6,18,2024,6/18/2024,10:15,10:35,30.41,0.63,36.99,0.61,6.34,0.59,8.11,0.66,30.09,10.74,37.24,10.15,6.46,10.10,8.11,10.07,>10,0.5,10.0,2011,2014,2360,2359,0.46,0.21,0,< 0.1,4.0,0.3,0.38,-0.001,<0.002,0.021,0.021,0.140,0.14,0,< 10,NA
5,Manchas Exteriores 20m,Mayaguez,MEXT20,West,W,18.2335,-67.2009,20,6,18,2024,6/18/2024,11:20,11:38,30.13,0.53,37.16,0.52,6.10,0.57,8.09,0.62,30.02,8.36,37.22,8.30,6.06,7.90,8.09,8.03,>8,0.5,7.0,2063,2073,2358,2358,0.15,0.16,0,< 0.1,3.5,0,0.52,0.000,<0.002,0.021,0.021,0.158,0.158,0,< 10,NA
5,Puerto Botes 20m,Isla Desecheo,BOTE20,Mona/Desecheo,W,18.38158,-67.4886,20,6,18,2024,6/18/2024,8:50,9:08,29.87,0.56,37.28,0.58,6.22,0.63,8.11,0.57,29.83,16.14,37.30,15.37,6.06,16.00,8.10,15.72,>16,0.5,14.0,2032,2034,2374,2374,0.11,0.13,0,< 0.1,8.4,0,0.19,-0.004,<0.002,0.013,0.013,0.212,0.212,0,< 10,NA
5,Puerto Botes 15m,Isla Desecheo,BOTE15,Mona/Desecheo,W,18.382,-67.4883,15,6,18,2024,6/18/2024,8:10,8:45,29.85,0.60,37.24,0.61,6.22,0.61,8.11,0.60,29.83,15.43,37.20,15.48,6.18,15.04,8.10,15.31,>15,0.5,14.0,2035,2037,2373,2368,0.03,0.15,0,< 0.1,6.8,0.05,0.16,-0.005,<0.002,0.015,0.015,0.080,0.08,0,< 10,NA
5,Media Luna 5m,La Parguera,MLUN05,Southwest,SW,17.93937,-67.0507,5,6,21,2024,6/21/2024,10:04,10:24,30.61,0.49,37.34,0.46,6.47,0.51,8.18,0.48,30.62,2.88,37.47,2.94,6.70,2.90,8.18,2.85,>3,0.5,2.0,2009,2003,2346,2346,0.92,0.40,0,< 0.1,5.0,0.25,0.37,-0.003,<0.002,0.025,0.025,0.409,0.409,0,< 10,NA
5,Resuellos 10m,Cabo Rojo,RESU10,West,W,17.99116,-67.2332,10,6,21,2024,6/21/2024,8:19,8:40,30.70,0.51,37.46,0.51,5.78,0.50,8.07,0.51,30.73,9.09,37.52,9.17,5.51,9.14,8.07,9.18,>9,0.5,8.0,2005,2010,2292,2304,0.63,0.50,0,< 0.1,8.0,0.1,0.41,-0.002,<0.002,0.021,0.021,0.125,0.125,0,< 10,NA
5,Resuellos 10m,Cabo Rojo,RESU10-R,West,W,17.99116,-67.2332,10,6,21,2024,6/21/2024,8:44,9:00,30.67,0.52,37.38,0.46,5.71,0.50,8.08,0.48,30.70,9.23,37.47,9.21,5.57,9.17,8.07,9.20,>9,0.5,8.0,2006,2004,2297,2293,0.57,0.74,0,< 0.1,4.6,0.1,0.36,-0.004,<0.002,0.022,0.022,0.295,0.295,0,< 10,NA
5,Tourmaline 30m,Cabo Rojo,TOUR30,West,W,18.16637,-67.2763,30,6,25,2024,6/25/2024,6:48,7:20,29.84,0.45,36.92,0.64,6.15,0.65,8.11,0.58,29.70,30.30,37.12,30.30,5.85,30.26,8.13,30.06,10.7,0.5,30.0,2026,2032,2355,2367,0.44,0.31,0,< 0.1,8.8,0.05,0.31,-0.004,<0.002,0.010,0.010,0.341,0.341,0,< 10,NA
5,Guanajibo 20m,Mayaguez,GUAN20,West,W,18.17202,-67.253,20,6,25,2024,6/25/2024,8:15,8:35,29.97,0.51,36.90,0.53,6.18,0.57,8.15,0.52,29.82,14.06,37.08,14.11,5.85,14.09,8.14,14.01,10.2,0.5,13.0,2031,2026,2348,2353,0.85,0.28,0,< 0.1,10.7,0.25,0.55,-0.004,<0.002,0.011,0.011,0.383,0.383,0,< 10,NA
5,Cayo Aurora 5m,Guanica,AURO05,Southwest,SW,17.9369,-66.8738,5,6,28,2024,6/28/2024,7:03,7:23,30.23,0.50,37.42,0.48,5.58,0.52,8.11,0.50,30.22,3.13,37.50,3.17,5.47,3.00,8.11,3.13,>5,0.5,3.0,2061,2057,2349,2352,0.86,0.24,0,< 0.1,12.2,0.1,0.40,0.000,<0.002,0.021,0.021,0.086,0.086,0,< 10,NA
5,Tourmaline 10m,Cabo Rojo,TOUR10,West,W,18.16304,-67.2737,10,6,25,2024,6/25/2024,7:45,8:03,30.09,0.61,36.68,0.71,6.01,0.66,8.14,0.69,30.09,10.05,37.01,10.67,5.95,10.81,8.14,10.68,>11,0.5,10.0,2022,2021,2349,2344,0.26,0.52,0,< 0.1,14.2,0.05,0.42,-0.005,<0.002,0.026,0.026,0.117,0.117,0,< 10,NA
5,El Negro 5m,Cabo Rojo,NEGR05-R,West,W,18.14658,-67.2476,5,6,25,2024,6/25/2024,9:38,9:55,30.17,0.54,36.82,0.53,6.44,0.56,8.17,0.51,30.06,4.66,36.86,4.50,6.40,4.51,8.16,4.65,>5,0.5,4.0,2012,2012,2344,2349,0.54,0.44,0,< 0.1,5.7,0.25,0.25,-0.004,<0.002,0.011,0.011,0.404,0.404,0,< 10,NA
5,El Negro 5m,Cabo Rojo,NEGR05,West,W,18.14658,-67.2476,5,6,25,2024,6/25/2024,9:16,9:36,30.14,0.47,36.84,0.50,6.42,0.50,8.17,0.49,30.13,3.97,36.83,3.99,6.43,4.06,8.17,3.90,>5,0.5,4.0,2010,2013,2347,2345,0.44,0.57,0,< 0.1,15.6,0.25,0.00,0.004,0.004,0.013,0.013,0.306,0.306,0,< 10,NA
5,Boya Vieja 20m,La Parguera,BOYA20,Southwest,SW,17.88827,-66.9978,20,6,28,2024,6/28/2024,8:41,9:09,29.87,0.54,37.44,0.52,6.17,0.52,8.18,0.56,29.86,18.11,37.58,18.25,5.76,18.56,8.16,18.00,>20,0.5,18.0,2033,2038,2368,2371,0.34,0.26,0,< 0.1,9.0,0,0.44,-0.005,<0.002,0.020,0.020,-0.054,<0.011,0,< 10,NA
5,Cayo Rodriguez 5m,Mayaguez,RODR05,West,W,18.1893,-67.1919,5,6,25,2024,6/25/2024,10:10,10:31,30.23,0.51,36.63,0.50,6.07,0.54,8.14,0.49,30.08,6.31,36.77,6.32,6.07,6.20,8.15,6.24,5.5,0.5,6.0,2019,2016,2342,2341,0.62,0.52,0,< 0.1,12.3,0.25,1.65,0.001,<0.002,0.018,0.018,0.962,0.962,0,< 10,NA
5,El Negro 10m,Cabo Rojo,NEGR10,West,W,18.14653,-67.248,10,6,25,2024,6/25/2024,8:49,9:12,30.10,0.48,36.84,0.52,6.44,0.54,8.17,0.50,29.92,20.07,36.91,20.08,5.88,20.05,8.14,20.07,10.8,0.5,19.0,2008,2020,2344,2348,0.88,0.35,0,< 0.1,6.4,0.2,0.69,-0.003,<0.002,0.012,0.012,0.071,0.071,0,< 10,NA
5,Tourmaline 20m,Cabo Rojo,TOUR20,West,W,18.16517,-67.2752,20,6,25,2024,6/25/2024,7:24,7:42,29.98,0.58,36.99,0.62,5.99,0.50,8.14,0.49,29.93,17.97,37.01,17.88,5.94,17.74,8.14,17.75,11.8,0.5,18.0,2026,2026,2349,2348,0.37,0.57,0,< 0.1,16.4,0.1,0.15,-0.003,<0.002,0.011,0.011,0.131,0.131,0,< 10,NA
5,Cayo Coral 10m,Guanica,CORA10,Southwest,SW,17.9362,-66.8884,10,6,28,2024,6/28/2024,6:26,6:52,30.23,0.50,37.37,0.52,5.54,0.56,8.09,0.54,30.05,8.14,37.49,8.20,5.23,7.95,8.10,8.13,>10,0.5,8.0,2058,2062,2354,2358,0.30,0.35,0,< 0.1,13.8,0.25,0.49,-0.004,<0.002,0.016,0.016,0.652,0.652,0,< 10,NA
5,Media Luna 10m,La Parguera,MLUN10,Southwest,SW,17.93472,-67.0485,10,6,28,2024,6/28/2024,9:19,9:48,30.22,0.50,37.49,0.58,5.92,0.54,8.13,0.53,30.23,5.20,37.57,5.07,6.03,5.05,8.14,5.11,>10,0.5,5.0,2051,2045,2355,2357,0.49,0.45,0,< 0.1,7.6,0.4,0.60,-0.004,<0.002,0.016,0.016,0.554,0.554,0,< 10,NA
5,Canjilones 15m,Isla Vieques,CANJ15,Vieques/Culebra,E,18.08964,-65.5901,15,7,10,2024,7/10/2024,7:30,7:40,29.96,0.50,36.93,0.50,6.02,0.50,8.13,0.50,29.94,13.00,37.10,13.00,5.83,13.00,8.15,13.00,>15,0.5,13.0,2036,2029,2356,2352,2.34,2.28,0,< 0.1,6.4,0.1,0.31,0.003,0.003,0.010,0.010,0.188,0.188,0,< 10,NA
5,Efras Wall 20m,La Parguera,EWAL20,Southwest,SW,17.8976,-66.9599,20,6,28,2024,6/28/2024,8:06,8:30,29.87,0.48,37.38,0.56,5.84,0.56,8.16,0.51,29.87,8.03,37.37,8.05,5.80,8.10,8.18,8.23,>10,0.5,8.0,2053,2053,2372,2364,0.49,0.19,0,< 0.1,5.6,0.05,0.19,0.020,0.02,0.030,0.030,0.154,0.154,0,< 10,NA
5,El Seco 30m,Isla Vieques,SECO30,Vieques/Culebra,E,18.13869,-65.1971,30,7,10,2024,7/10/2024,11:29,11:56,29.65,0.50,36.81,0.50,6.28,0.50,8.20,0.50,29.22,28.00,37.16,28.00,6.24,28.00,8.19,28.00,>12,0.5,28.0,2012,2021,2340,2355,0.90,0.87,0,< 0.1,21.3,0.2,0.00,0.002,<0.003,0.004,0.004,0.032,0.032,0,< 10,NA
5,Palominitos 10m,Fajardo,PALT10,North/Northeast,E,18.33537,-65.5656,10,7,10,2024,7/10/2024,13:42,13:55,29.82,0.50,37.22,0.50,6.31,0.50,8.19,0.50,29.67,8.00,37.30,8.00,6.24,8.00,8.19,8.00,>8,0.5,8.0,2030,2033,2354,2357,1.78,1.64,0,< 0.1,9.9,0.05,0.15,0.004,0.004,0.008,0.008,-0.018,<0.011,0,< 10,NA
5,Cabezas de San Juan 5m,Fajardo,CABE05,North/Northeast,E,18.38544,-65.6297,5,7,11,2024,7/11/2024,10:47,11:02,29.19,0.52,37.31,0.52,5.95,0.52,8.15,0.52,29.11,4.02,37.32,4.02,5.94,4.02,8.16,4.02,>5,0.5,3.0,2046,2032,2277,2355,1.99,1.83,0,< 0.1,6.8,0.1,0.38,0.003,0.003,0.011,0.011,-0.008,<0.011,0,< 10,NA
5,Esperanza 10m,Isla Vieques,ESPE10,Vieques/Culebra,E,18.08057,-65.4879,10,7,10,2024,7/10/2024,8:26,8:43,29.99,0.50,36.94,0.50,5.89,0.50,8.16,0.50,30.01,8.00,37.12,8.00,5.65,8.00,8.15,8.00,>10,0.5,8.0,2048,2036,2356,2351,1.89,1.62,0,< 0.1,6.9,0.05,0.00,0.003,0.003,0.011,0.011,0.017,0.017,0,< 10,NA
5,Carlos Rosario 10m,Isla Culebra,CROS10,Vieques/Culebra,E,18.32779,-65.332,10,7,11,2024,7/10/2024,8:21,8:34,29.58,0.50,36.94,0.50,6.08,0.50,8.17,0.50,29.56,8.00,37.03,8.00,5.80,8.00,8.16,8.00,>8,0.5,8.0,2043,2039,2350,2360,2.07,0.66,0,< 0.1,21.9,0,0.56,0.002,<0.003,0.010,0.010,0.088,0.088,0,< 10,NA
5,Canal Luis Pena 5m,Isla Culebra,LPEN05,Vieques/Culebra,E,18.30493,-65.3277,5,7,11,2024,7/10/2024,7:51,8:03,29.56,0.50,36.91,0.50,6.05,0.50,8.16,0.50,29.56,4.00,36.98,4.00,5.88,4.00,8.16,4.00,>4,0.5,4.0,2046,2037,2355,2352,1.87,1.80,0,< 0.1,6.5,0,0.35,0.001,<0.003,0.007,0.007,0.006,<0.011,0,< 10,NA
5,Cayo Caribes 10m,Salinas,CARI10,Southeast,S,17.91533,-66.2141,10,7,16,2024,7/16/2024,8:10,8:29,30.20,0.52,36.81,0.52,6.27,0.52,8.13,0.52,30.19,8.78,36.87,8.78,6.06,8.78,8.14,8.78,5.0,0.5,8.0,2014,2019,2337,2338,0.31,0.35,0,< 0.1,6.4,0.2,0.80,0.005,0.005,0.012,0.012,0.034,0.034,86,86,NA
5,Dakiti 20m,Isla Culebra,DAKI20,Vieques/Culebra,E,18.27587,-65.2773,20,7,11,2024,7/10/2024,7:05,7:25,29.49,0.50,36.84,0.50,6.28,0.50,8.13,0.50,29.46,18.00,36.94,18.00,6.04,18.00,8.16,18.00,>12,0.5,18.0,2026,2028,2354,2360,1.74,2.33,0,< 0.1,7.2,0.05,0.35,0.003,0.003,0.011,0.011,-0.012,<0.011,0,< 10,NA
5,Cayo Diablo 5m,Fajardo,DIAB05,North/Northeast,E,18.36033,-65.5309,5,7,11,2024,7/11/2024,9:25,9:40,29.52,0.50,37.13,0.50,6.13,0.50,8.17,0.50,29.50,4.00,37.17,4.00,6.14,4.00,8.18,4.00,>4,0.5,4.0,2035,2032,2358,2360,2.11,1.88,0,< 0.1,8.5,0,0.00,0.004,0.004,0.011,0.011,0.120,0.12,0,< 10,NA
5,Derrumbadero 20m,Ponce,DERR20,South,S,17.904,-66.6086,20,7,16,2024,7/16/2024,10:33,10:49,29.84,0.57,36.82,0.57,6.21,0.57,8.19,0.57,29.82,17.33,36.92,17.33,6.13,17.33,8.20,17.33,11.0,0.5,18.0,2024,2023,2349,2336,0.60,0.51,0,< 0.1,16.2,0.05,0.41,0.003,0.003,0.011,0.011,0.000,<0.011,73,73,NA
5,Palominos 20m,Fajardo,PALN20,North/Northeast,E,18.35466,-65.5671,20,7,11,2024,7/11/2024,9:56,10:20,29.40,0.50,37.18,0.50,5.82,0.50,8.16,0.56,29.36,8.00,37.20,8.00,5.81,8.00,8.16,8.00,>8,0.5,8.0,2051,2048,2357,2358,1.98,2.25,0,< 0.1,5.5,0.05,0.18,0.002,<0.003,0.011,0.011,0.001,<0.011,0,< 10,NA
5,Maria Langa 10m,Guayanilla,MLAN10,South,S,17.96093,-66.7529,10,7,16,2024,7/16/2024,11:38,11:51,30.12,0.53,36.95,0.53,6.13,0.53,8.17,0.53,30.10,8.50,37.04,8.50,6.11,8.50,8.17,8.50,9.0,0.5,8.0,2029,2028,2343,2346,0.35,0.33,0,< 0.1,15.4,0.15,0.38,0.004,0.004,0.008,0.008,-0.014,<0.011,0,< 10,NA
5,West Reef 10m,Ponce,CDMU10,South,S,17.89502,-66.5284,10,7,16,2024,7/16/2024,9:59,10:11,29.96,0.60,36.97,0.60,6.22,0.60,8.18,0.60,29.92,8.51,37.00,8.51,6.19,8.51,8.18,8.51,9.0,0.5,8.0,2035,2032,2339,2347,0.49,0.42,0,< 0.1,6.7,0.05,0.53,0.002,<0.003,0.005,0.005,0.142,0.142,31,31,NA
5,Maria Langa 20m,Guayanilla,MLAN20,South,S,17.95953,-66.747,20,7,16,2024,7/16/2024,11:18,11:31,30.08,0.50,36.98,0.50,6.17,0.50,8.17,0.50,29.96,11.45,37.05,11.45,5.88,11.45,8.14,11.45,8.0,0.5,16.0,2025,2044,2344,2342,0.67,0.49,0,< 0.1,9.7,0.2,0.41,0.003,0.003,0.020,0.020,0.305,0.305,10,10,NA
5,Cayo Ratones 5m,Salinas,RATO05,Southeast,S,17.9346,-66.3025,5,7,16,2024,7/16/2024,9:03,9:14,29.98,0.51,36.97,0.51,5.76,0.51,8.12,0.51,29.98,4.02,36.90,4.02,5.43,4.02,8.13,4.02,>4,0.5,3.0,2030,2034,2332,2331,0.42,0.40,0,< 0.1,8.1,0.05,0.41,0.040,0.04,0.029,0.029,0.076,0.076,98,98,NA
5,Cibuco 10m,Vega Baja,CIBU10-R,North/Northeast,N,18.48955,-66.3736,5,7,30,2024,7/30/2024,6:53,7:10,29.29,0.52,37.15,0.52,6.31,0.52,8.18,0.52,29.08,8.41,37.25,8.41,6.07,8.41,8.19,8.41,>10,0.5,8.0,2030,2032,2369,2367,1.66,1.25,0,< 0.1,7.0,0.1,0.16,0.003,0.003,0.008,0.008,0.035,0.035,0,< 10,NA
5,Maria Langa 5m,Guayanilla,MLAN05,South,S,17.96488,-66.7565,5,7,16,2024,7/16/2024,12:00,12:11,30.17,0.57,36.98,0.57,6.12,0.57,8.16,0.57,30.16,4.10,37.10,4.10,6.13,4.10,8.17,4.10,>4,0.5,3.0,2034,2021,2337,2333,0.56,0.34,0,< 0.1,10.4,0.15,0.36,0.003,0.003,0.017,0.017,0.116,0.116,52,52,NA
5,Dominos 5m,San Juan,DOMI05,North/Northeast,N,18.46222,-66.0517,5,7,18,2024,7/18/2024,7:31,7:47,29.69,0.50,36.84,0.50,6.21,0.50,8.09,0.50,29.57,3.74,36.87,3.74,5.83,3.74,8.12,3.74,>3,0.5,3.0,2065,2051,2347,2341,1.14,1.63,0,< 0.1,8.7,0.3,0.36,0.006,0.006,0.011,0.011,-0.012,<0.011,134,134,NA
5,Cibuco 10m,Vega Baja,CIBU10,North/Northeast,N,18.48955,-66.3736,5,7,30,2024,7/30/2024,6:25,6:47,29.29,0.55,37.01,0.55,6.37,0.55,8.10,0.55,29.10,8.47,37.24,8.47,6.12,8.47,8.17,8.47,>10,0.5,8.0,2027,2031,2373,2369,1.79,1.62,0,< 0.1,4.9,0.15,0.17,0.005,0.005,0.009,0.009,-0.017,<0.011,10,10,NA
5,Dominos 5m,San Juan,DOMI05-R,North/Northeast,N,18.46222,-66.0517,5,7,18,2024,7/18/2024,7:52,8:04,29.70,0.50,36.95,0.50,5.96,0.50,8.12,0.50,29.49,4.36,37.04,4.36,5.83,4.36,8.13,4.36,>3,0.5,3.0,2050,2061,2345,2351,2.28,0.71,0,< 0.1,8.5,0.3,0.20,0.002,<0.003,0.010,0.010,0.020,0.02,121,121,NA
6,El Seco 30m,Isla Vieques,SECO30,Vieques/Culebra,E,18.13869,-65.1971,30,9,7,24,9/7/2024,08:44,NA,30.07,0.51,37.92,0.67,6.20,0.56,8.16,0.50,29.95,20.76,38.08,20.53,6.03,20.13,8.16,20.52,NA,0.5,NA,NA,NA,NA,NA,NA,NA,NA,NA,NA,NA,NA,NA,NA,NA,NA,NA,NA,NA,NA,NA
6,Puerto Botes 15m,Isla Desecheo,BOTE15,Mona/Desecheo,W,18.382,-67.4883,15,8,27,24,8/27/2024,07:25,07:39,29.91,0.52,35.92,0.52,6.32,0.52,8.16,0.52,29.95,15.57,36.26,15.57,6.13,15.57,8.17,15.57,>15,0.5,16.0,1983,1995,2307,2317,0.26,0.32,0,< 0.1,7.9,0,0.31,0.006,0.006,0.011,0.011,0.08,0.08,30,30,NA
6,Puerto Botes 20m,Isla Desecheo,BOTE20,Mona/Desecheo,W,18.38158,-67.4886,20,8,27,24,8/27/2024,07:48,07:56,29.92,0.57,35.95,0.57,6.28,0.57,8.17,0.57,29.99,17.49,36.29,17.49,6.16,17.49,8.17,17.49,>20,0.5,17.0,1986,1992,2305,2316,0.33,0.56,0,< 0.1,9.9,0,0.53,0.005,0.005,0.012,0.012,0.114,0.114,31,31,NA
6,Puerto Canoas 30m,Isla Desecheo,CANO30,Mona/Desecheo,W,18.37747,-67.484,30,8,27,24,8/27/2024,08:02,08:15,29.96,0.51,35.86,0.51,6.34,0.51,8.18,0.51,29.74,26.60,36.60,26.60,6.04,26.60,8.17,26.60,>30,0.5,27.0,1989,2019,2310,2340,0.08,0.69,0,< 0.1,9.8,0.1,0.19,0.006,0.006,0.012,0.012,0.075,0.075,0,< 10,NA
6,Tres Palmas 5m,Rincon,TRES05,West,W,18.35072,-67.2669,5,8,27,24,8/27/2024,08:59,09:10,29.91,0.47,35.93,0.47,6.35,0.47,8.19,0.47,29.92,2.18,35.95,2.18,6.29,2.18,8.19,2.18,>5,0.5,2.0,1987,1992,2314,2309,0.12,0.78,0,< 0.1,6.9,0.25,0.92,0.006,0.006,0.007,0.007,0.08,0.08,52,52,NA
6,Tres Palmas 10m,Rincon,TRES10,West,W,18.34732,-67.27,10,8,27,24,8/27/2024,09:14,09:25,29.97,0.50,35.91,0.50,6.38,0.50,8.12,0.50,29.95,8.74,36.04,8.74,6.41,8.74,8.19,8.74,>10,0.5,8.0,1979,1980,2318,2314,0.07,0.09,0,< 0.1,5.4,0.25,0.53,0.008,0.008,0.017,0.017,0.078,0.078,41,41,NA
6,Tres Palmas 20m,Rincon,TRES20,West,W,18.34652,-67.2712,20,8,27,24,8/27/2024,09:29,09:40,30.00,0.52,35.94,0.52,6.40,0.52,8.19,0.52,29.95,17.68,36.14,17.68,6.39,17.68,8.18,17.68,11.0,0.5,17.0,1975,1972,2314,2309,0.25,0.26,0,< 0.1,8.0,0.1,0.58,0.004,0.004,0.008,0.008,0.071,0.071,0,< 10,NA
6,Manchas Exteriores 20m,Mayaguez,MEXT20,West,W,18.2335,-67.2009,20,8,27,24,8/27/2024,10:05,10:17,30.22,0.57,35.94,0.57,6.36,0.57,8.18,0.57,30.10,12.10,36.12,12.10,6.67,12.10,8.17,12.10,12.0,0.5,12.0,1988,1992,2314,2318,0.29,0.17,0,< 0.1,4.0,0.15,0.53,0.006,0.006,0.008,0.008,0.104,0.104,20,20,NA
6,Manchas Exteriores 10m,Mayaguez,MEXT10,West,W,18.23353,-67.2006,10,8,27,24,8/27/2024,10:25,22:33,30.26,0.50,35.92,0.50,6.44,0.50,8.18,0.50,30.13,5.28,36.28,5.28,6.31,5.28,8.18,5.28,>5,0.5,5.0,1982,1985,2315,2307,0.28,0.01,0,< 0.1,8.8,0.15,0.65,0.005,0.005,0.007,0.007,0.179,0.179,10,10,NA
6,Cayo Coral 10m,Guanica,CORA10,Southwest,SW,17.9362,-66.8884,10,8,28,24,8/28/2024,07:10,07:23,30.36,0.52,35.84,0.52,6.36,0.52,8.16,0.52,30.36,8.67,35.92,8.67,5.70,8.67,8.13,8.67,>10,0.5,8.0,1989,1989,2296,2296,0.23,0.25,0,< 0.1,15.9,0.05,0.34,0.005,0.005,0.011,0.011,0.114,0.114,0,< 10,NA
6,Efras Wall 20m,La Parguera,EWAL20,Southwest,SW,17.8976,-66.9599,20,8,28,24,8/28/2024,07:45,07:55,30.10,0.52,35.74,0.52,6.32,0.52,8.19,0.52,30.10,17.03,35.76,17.03,6.07,17.03,8.17,17.03,>20,0.5,NA,1977,1980,2295,2284,0.81,0.33,0,< 0.1,5.4,0.05,0.38,0.005,0.005,0.009,0.009,0.092,0.092,63,63,NA
6,Cayo Aurora 5m,Guanica,AURO05,Southwest,SW,17.9369,-66.8738,5,8,28,24,8/28/2024,06:50,07:02,30.50,0.51,35.91,0.51,5.70,0.51,8.09,0.51,30.51,3.47,36.01,3.47,5.39,3.47,8.09,3.47,>5,0.5,3.0,2017,2024,2311,2307,0.88,0.30,0,< 0.1,3.0,0.1,0.40,0.006,0.006,0.013,0.013,0.128,0.128,10,10,NA
6,Media Luna 5m,La Parguera,MLUN05,Southwest,SW,17.93937,-67.0507,5,8,28,24,8/28/2024,09:20,09:25,30.54,0.51,36.05,0.51,6.00,0.51,8.11,0.51,30.26,5.03,36.02,5.03,5.40,5.03,8.12,5.03,>10,0.5,NA,1997,2021,2303,2307,0.36,0.50,0,< 0.1,2.8,0.2,0.19,0.011,0.011,0.013,0.013,0.088,0.088,0,< 10,NA
6,Media Luna 10m,La Parguera,MLUN10,Southwest,SW,17.93472,-67.0485,10,8,28,24,8/28/2024,09:04,09:14,30.31,0.57,35.87,0.57,6.15,0.57,8.17,0.57,30.30,6.22,35.87,6.22,6.08,6.22,8.17,6.22,>10,0.5,NA,1981,1987,2302,2302,0.24,0.47,0,< 0.1,0.1,0,0.58,0.006,0.006,0.01,0.01,0.102,0.102,10,10,NA
6,Efras Wall 20m,La Parguera,EWAL20-R,Southwest,SW,17.8976,-66.9599,20,8,28,24,8/28/2024,07:59,08:10,30.10,0.54,35.71,0.54,6.26,0.54,8.18,0.54,30.11,17.30,35.76,17.30,6.11,17.30,8.18,17.30,>20,0.5,NA,1968,1967,2303,2296,0.47,0.87,0,< 0.1,4.7,0.05,0.28,0.007,0.007,0.014,0.014,0.051,0.051,10,10,NA
6,Boya Vieja 20m,La Parguera,BOYA20,Southwest,SW,17.88827,-66.9978,20,8,28,24,8/28/2024,08:23,08:33,30.08,0.54,35.76,0.54,6.28,0.54,8.18,0.54,30.11,18.27,35.91,18.27,6.03,18.27,8.16,18.27,>20,0.5,NA,1969,1966,2295,2287,0.05,0.25,0,< 0.1,5.5,0,0.37,0.008,0.008,0.011,0.011,0.074,0.074,31,31,NA
6,Boya Vieja 20m,La Parguera,BOYA20-R,Southwest,SW,17.88827,-66.9978,20,8,28,24,8/28/2024,08:38,08:49,30.09,0.52,35.77,0.52,6.22,0.52,8.18,0.52,30.11,18.48,35.77,18.48,6.09,18.48,8.17,18.48,>20,0.5,NA,1972,1975,2292,2292,0.10,0.06,0,< 0.1,9.4,0,0.20,0.006,0.006,0.011,0.011,0.071,0.071,10,10,NA
6,Canjilones 15m,Isla Vieques,CANJ15,Vieques/Culebra,E,18.08964,-65.5901,15,9,7,24,9/7/2024,11:33,NA,30.30,0.44,37.80,0.49,6.12,0.50,8.17,0.58,30.22,13.00,37.92,12.98,6.10,13.01,8.17,13.00,>15,0.5,13.0,1988,1985,2315,2319,0.08,0.09,0,< 0.1,3.0,0,0.23,0.009,0.009,0.01,0.01,0.047,0.047,0,< 10,NA
6,Palominos 20m,Fajardo,PALN20,North/Northeast,E,18.35466,-65.5671,20,9,8,24,9/8/2024,11:02,11:19,30.13,0.68,36.05,0.58,5.89,0.60,8.14,0.50,30.02,14.51,36.40,14.62,5.89,15.28,8.15,15.58,7.6,0.5,14.0,2017,2025,2318,2339,0.23,0.15,0,< 0.1,2.9,0.3,0.29,0.006,0.006,0.012,0.012,-0.001,<0.038,158,158,NA
6,Palominitos 10m,Fajardo,PALT10,North/Northeast,E,18.33537,-65.5656,10,9,7,24,9/7/2024,13:08,NA,30.66,0.58,38.07,0.56,6.46,0.57,8.18,0.48,30.40,7.18,38.04,7.01,6.69,7.04,8.18,7.06,>10,0.5,7.0,1958,1964,2315,2305,0.00,0.31,0,< 0.1,1.1,0,0.40,0.006,0.006,0.016,0.016,0.072,0.072,10,10,NA
6,Esperanza 10m,Isla Vieques,ESPE10,Vieques/Culebra,E,18.08057,-65.4879,10,9,7,24,9/7/2024,10:35,11:00,30.53,0.51,37.83,0.45,5.81,0.52,8.14,0.57,30.46,6.04,37.89,6.13,5.82,5.93,8.15,6.08,>10,0.5,6.0,2001,2003,2315,2317,0.27,0.02,0,< 0.1,9.8,0,0.38,0.006,0.006,0.013,0.013,0.119,0.119,31,31,NA
6,Cayo Diablo 5m,Fajardo,DIAB05,North/Northeast,E,18.36033,-65.5309,5,9,8,24,9/8/2024,10:38,10:50,30.13,0.53,35.95,0.56,6.25,0.52,8.16,0.58,30.15,5.07,35.99,5.65,6.21,5.48,8.16,5.66,>5,0.5,5.0,1992,1993,2321,2324,0.51,0.35,0,< 0.1,0.5,0,0.37,0.009,0.009,0.009,0.009,0.155,0.155,0,< 10,NA
6,Dakiti 20m,Isla Culebra,DAKI20,Vieques/Culebra,E,18.27587,-65.2773,20,9,8,24,9/8/2024,07:53,08:10,30.00,0.47,36.02,0.54,6.17,0.46,8.15,0.50,29.97,20.38,36.11,20.81,6.03,20.92,8.15,20.63,11.3,0.5,18.0,1993,2001,2330,2330,1.04,0.98,0,< 0.1,2.5,0.35,0.19,0.006,0.006,0.01,0.01,0.054,0.054,75,75,NA
6,Cabezas de San Juan 5m,Fajardo,CABE05,North/Northeast,E,18.38544,-65.6297,5,9,8,24,9/8/2024,11:45,00:02,29.68,0.58,36.52,0.53,6.24,0.51,8.16,0.50,29.71,4.34,36.64,4.30,6.01,4.26,8.16,4.65,5.0,0.5,4.0,2030,2026,2358,2357,0.56,0.09,0,< 0.1,1.8,0.2,0.47,0.006,0.006,0.015,0.015,-0.02,<0.038,75,75,NA
6,Canal Luis Pena 5m,Isla Culebra,LPEN05,Vieques/Culebra,E,18.30493,-65.3277,5,9,8,24,9/8/2024,08:30,08:48,30.04,0.58,36.13,0.47,5.96,0.51,8.15,0.55,30.03,4.21,36.16,4.23,5.28,4.33,8.14,4.48,>4,0.5,4.0,2012,2004,2331,2334,0.30,0.90,0,< 0.1,2.8,0.05,0.19,0.009,0.009,0.012,0.012,0.087,0.087,41,41,NA
6,Carlos Rosario 10m,Isla Culebra,CROS10,Vieques/Culebra,E,18.32779,-65.332,10,9,8,24,9/8/2024,09:28,09:42,29.90,0.55,36.12,0.54,5.93,0.50,8.13,0.48,29.84,3.15,36.17,3.22,5.44,3.29,8.11,3.17,4.0,0.5,3.0,2027,2035,2337,2331,0.53,0.07,0,< 0.1,0.3,0,0.16,0.006,0.006,0.011,0.011,0.052,0.052,10,10,NA
6,Tourmaline 10m,Cabo Rojo,TOUR10,West,W,18.16304,-67.2737,10,9,10,24,9/10/2024,07:59,08:12,30.28,0.47,35.58,0.56,6.06,0.50,8.16,0.51,30.29,8.10,35.60,7.84,5.90,8.07,8.16,7.92,>10,0.5,8.0,1988,1992,2304,2302,0.78,0.91,0,< 0.1,7.3,0.05,0.00,0.009,0.009,0.009,0.009,-0.011,<0.038,0,< 10,NA
6,El Negro 10m,Cabo Rojo,NEGR10,West,W,18.14653,-67.248,10,9,10,24,9/10/2024,09:08,09:22,30.45,0.48,35.41,0.52,5.81,0.54,8.13,0.55,30.40,8.41,35.45,8.35,5.59,8.35,8.13,8.53,>10,0.5,8.0,1992,2000,2289,2289,0.51,0.77,0,< 0.1,3.4,0.15,0.28,0.006,0.006,0.012,0.012,-0.008,<0.038,0,< 10,NA
6,Gallardo 5m,Cabo Rojo,GALL05,West,W,18.0017,-67.3299,5,9,10,24,9/10/2024,10:33,10:45,30.78,0.65,35.61,0.68,5.84,0.56,8.13,0.54,30.66,4.56,35.71,4.35,5.65,4.34,8.13,4.19,>5,0.5,4.0,1996,1987,2290,2278,0.42,0.71,0,< 0.1,2.7,0.1,0.78,0.007,0.007,0.021,0.021,0.003,<0.038,0,< 10,NA
6,Maria Langa 10m,Guayanilla,MLAN10,South,S,17.96093,-66.7529,10,9,12,24,9/12/2024,11:13,11:24,30.57,0.52,35.58,0.49,6.02,0.47,8.10,0.54,30.27,8.33,35.57,8.28,5.78,8.25,8.08,8.21,>8,0.5,8.0,2006,2013,2320,2320,0.21,0.26,0,< 0.1,5.5,0.15,0.22,0.006,0.006,0.014,0.014,0.027,<0.038,0,< 10,NA
6,Tourmaline 20m,Cabo Rojo,TOUR20,West,W,18.16517,-67.2752,20,9,10,24,9/10/2024,07:04,07:26,30.32,0.49,35.57,0.45,6.27,0.46,8.12,0.58,30.28,18.08,35.62,18.10,5.85,18.18,8.13,18.04,13.3,0.5,18.0,1986,1976,2301,2304,0.14,0.22,0,< 0.1,4.0,0,0.44,0.006,0.006,0.012,0.012,0.017,<0.038,0,< 10,NA
6,Tourmaline 30m,Cabo Rojo,TOUR30,West,W,18.16637,-67.2763,30,9,10,24,9/10/2024,07:33,07:52,30.33,0.51,35.55,0.51,6.22,0.47,8.16,0.51,30.31,27.91,35.67,27.95,6.17,27.92,8.16,27.87,13.3,0.5,28.0,1974,1977,2300,2300,0.31,0.98,0,< 0.1,1.8,0.1,0.44,0.005,0.005,0.009,0.009,-0.005,<0.038,0,< 10,NA
6,El Negro 5m,Cabo Rojo,NEGR05,West,W,18.14658,-67.2476,5,9,10,24,9/10/2024,08:49,09:03,30.42,0.56,35.29,0.57,5.81,0.54,8.12,0.58,30.36,4.04,35.38,3.87,5.45,3.93,8.12,4.01,>5,0.5,4.0,1991,1993,2288,2288,0.94,0.91,0,< 0.1,6.1,0.2,0.27,0.008,0.008,0.013,0.013,-0.053,<0.038,0,< 10,NA
6,West Reef 10m,Ponce,CDMU10,South,S,17.89502,-66.5284,10,9,12,24,9/12/2024,09:42,09:55,30.23,0.61,35.61,0.60,6.14,0.57,8.12,0.61,30.14,7.80,35.59,7.80,6.06,7.92,8.12,7.94,>7,0.5,8.0,1993,1992,2317,2322,0.28,0.42,0,< 0.1,5.8,0.2,0.26,0.009,0.009,0.007,0.007,0.168,0.168,0,< 10,NA
6,Cayo Rodriguez 5m,Mayaguez,RODR05,West,W,18.1893,-67.1919,5,9,10,24,9/10/2024,09:38,09:56,30.35,0.52,34.97,0.52,5.79,0.50,8.14,0.55,30.43,4.17,35.43,4.15,5.68,4.22,8.15,4.17,2.8,0.5,4.0,2016,2025,2291,2287,0.49,0.59,0,< 0.1,7.0,4.45,0.13,0.018,0.018,0.041,0.041,-0.041,<0.038,327,327,NA
6,Guanajibo 20m,Mayaguez,GUAN20,West,W,18.17202,-67.253,20,9,10,24,9/10/2024,08:20,08:35,30.27,0.57,35.52,0.57,6.07,0.54,8.16,0.61,30.30,17.90,35.58,17.49,5.78,12.23,8.16,17.93,12.9,0.5,NA,1987,1981,2294,2295,0.71,0.46,0,< 0.1,2.2,0.15,0.44,0.005,0.005,0.016,0.016,-0.053,<0.038,0,< 10,NA
6,Maria Langa 20m,Guayanilla,MLAN20,South,S,17.95953,-66.747,20,9,12,24,9/12/2024,10:58,11:03,30.56,0.58,35.56,0.59,5.96,0.60,8.10,0.66,30.36,14.35,35.58,14.63,5.90,14.70,8.11,14.83,8.0,0.5,15.0,2005,2006,2309,2306,0.70,0.47,0,< 0.1,10.6,0.15,0.38,0.009,0.009,0.015,0.015,0.033,<0.038,0,< 10,NA
6,Derrumbadero 20m,Ponce,DERR20,South,S,17.904,-66.6086,20,9,12,24,9/12/2024,10:15,10:25,30.29,0.61,35.61,0.55,6.26,0.52,8.12,0.55,30.22,16.92,35.64,16.94,6.11,16.83,8.13,16.98,8.0,0.5,18.0,1985,1988,2305,2308,0.31,0.66,0,< 0.1,8.4,0,0.60,0.008,0.008,0.009,0.009,0.02,<0.038,0,< 10,NA
6,Cayo Ratones 5m,Salinas,RATO05,Southeast,S,17.9346,-66.3025,5,9,12,24,9/12/2024,08:43,08:55,30.19,0.48,35.73,0.60,6.14,0.55,8.11,0.41,29.98,2.65,35.73,2.84,5.89,2.82,8.10,2.86,>5,0.5,3.0,1980,1995,2299,2301,0.73,0.46,0,< 0.1,4.6,0.1,0.55,0.005,0.005,0.008,0.008,0.02,<0.038,0,< 10,NA
6,Cayo Caribes 10m,Salinas,CARI10,Southeast,S,17.91533,-66.2141,10,9,12,24,9/12/2024,08:21,08:35,30.10,0.57,35.47,0.54,6.25,0.51,8.11,0.59,30.10,7.59,35.49,7.82,6.11,8.06,8.11,7.82,>10,0.5,8.0,1986,1983,2300,2299,0.15,0.36,0,< 0.1,6.0,0.15,0.19,0.009,0.009,0.009,0.009,-0.007,<0.038,0,< 10,NA
6,Dominos 5m,San Juan,DOMI05-R,North/Northeast,N,18.46222,-66.0517,5,9,16,24,9/16/2024,09:28,NA,30.57,0.54,35.81,0.56,6.18,0.54,NA,0.58,30.59,4.08,35.86,4.10,6.14,4.06,NA,4.08,>5,0.5,3.0,1982,1987,2306,2312,0.41,0.43,0,< 0.1,5.0,0.05,0.41,0.006,0.006,0.01,0.01,0.02,<0.038,0,< 10,NA
6,Maria Langa 5m,Guayanilla,MLAN05-R,South,S,17.96488,-66.7565,5,9,12,24,9/12/2024,11:45,11:52,30.48,0.52,35.48,0.55,5.47,0.54,8.05,0.49,30.47,2.07,35.55,2.08,5.25,2.16,8.07,2.10,>5,0.5,NA,2041,2037,2321,2319,0.53,0.83,0,< 0.1,7.4,0.2,0.37,0.007,0.007,0.017,0.017,0.021,<0.038,0,< 10,NA
6,Maria Langa 5m,Guayanilla,MLAN05,South,S,17.96488,-66.7565,5,9,12,24,9/12/2024,11:30,11:39,30.43,0.67,35.53,0.60,5.35,0.65,8.05,0.70,30.43,3.15,35.60,3.14,5.18,3.13,8.05,3.18,>5,0.5,NA,2042,2042,2319,2321,0.32,-0.12,0,< 0.1,5.1,0.25,0.37,0.008,0.008,0.015,0.015,0.04,0.04,0,< 10,NA
6,Cibuco 5m,Vega Baja,CIBU05-R,North/Northeast,N,18.48955,-66.3736,10,9,16,24,9/16/2024,06:30,06:40,30.16,0.50,35.74,0.50,5.57,0.50,NA,0.50,30.14,5.02,35.76,5.02,5.24,5.02,NA,5.02,>5,0.5,4.0,2033,2036,2329,2326,0.90,0.10,0,< 0.1,6.0,0.15,0.16,0.008,0.008,0.015,0.015,-0.046,<0.038,0,< 10,NA
6,Cibuco 5m,Vega Baja,CIBU05,North/Northeast,N,18.48955,-66.3736,10,9,16,24,9/16/2024,06:20,06:28,30.21,0.50,35.75,0.50,5.36,0.50,NA,0.50,30.15,3.00,35.71,3.00,5.41,3.00,NA,3.00,>3,0.5,4.0,2034,2043,2324,2326,0.03,0.20,0,< 0.1,7.6,0.15,0.49,0.006,0.006,0.012,0.012,0.099,0.099,0,< 10,NA
6,Dominos 5m,San Juan,DOMI05,North/Northeast,N,18.46222,-66.0517,5,9,16,24,9/16/2024,09:15,09:25,30.56,0.50,35.81,0.50,6.11,0.50,NA,0.50,30.55,3.03,35.88,3.03,5.99,3.06,NA,3.05,>5,0.5,3.0,1982,1986,2294,2296,0.26,0.12,0,< 0.1,6.6,0.05,0.37,0.01,0.01,0.017,0.017,0.218,0.218,0,< 10,NA
7,Cayo Aurora 5m,Guanica,AURO05,Southwest,SW,17.9369,-66.8738,5,11,14,24,11/14/2024,09:10,09:23,29.65,0.56,33.94,0.46,5.41,0.50,8.10,0.49,29.63,3.49,34.05,3.47,5.33,3.49,8.10,3.44,10.0,0.5,3.0,1970,1974,2306,2307,0.96,0.75,0,< 0.1,9.5,0,0.30,0.001,<0.002,0.017,0.017,-0.05,<0.08,0,< 10,NA
7,Cayo Coral 10m,Guanica,CORA10,Southwest,SW,17.9362,-66.8884,10,11,14,24,11/14/2024,09:34,09:51,29.67,0.64,33.78,0.46,6.11,0.47,8.10,0.48,29.59,8.00,33.92,8.03,5.94,8.09,8.12,8.06,10.0,0.5,8.0,1974,1965,2304,2304,0.75,0.34,0,< 0.1,6.0,0.1,0.30,0.001,<0.002,0.007,0.007,0.32,0.32,0,< 10,NA
7,Media Luna 10m,La Parguera,MLUN10,Southwest,SW,17.93472,-67.0485,10,11,14,24,11/14/2024,11:22,11:30,29.58,0.55,33.93,0.57,5.79,0.56,8.10,0.58,29.35,8.87,34.05,4.38,5.71,9.43,8.10,9.32,10.0,0.5,18.0,1960,1959,2298,2296,0.48,0.62,0,< 0.1,9.2,0,0.79,0.001,<0.002,0.009,0.009,-0.12,<0.08,0,< 10,NA
7,Efras Wall 20m,La Parguera,EWAL20,Southwest,SW,17.8976,-66.9599,20,11,14,24,11/14/2024,10:12,10:30,29.53,0.63,33.75,0.62,6.49,0.59,8.15,0.64,29.60,18.55,34.14,18.48,5.86,18.48,8.13,18.38,12.0,0.5,18.0,1939,1957,2296,2304,0.86,0.64,0,< 0.1,5.7,0,0.40,0.001,<0.002,0.005,0.005,-0.05,<0.08,0,< 10,NA
7,Media Luna 5m,La Parguera,MLUN05,Southwest,SW,17.93937,-67.0507,5,11,14,24,11/14/2024,11:41,12:04,29.58,0.54,33.86,0.48,6.34,0.50,8.13,0.52,29.37,3.00,33.80,3.01,6.13,3.71,8.11,3.71,5.0,0.5,NA,1943,1941,2295,2289,1.23,0.93,0,< 0.1,6.0,0.3,0.89,0,<0.002,0.004,0.004,-0.17,<0.08,0,< 10,NA
7,Boya Vieja 20m,La Parguera,BOYA20,Southwest,SW,17.88827,-66.9978,20,11,14,24,11/14/2024,10:45,11:00,29.69,0.60,34.04,0.61,5.78,0.59,8.13,0.57,29.62,17.97,34.11,18.24,5.87,18.12,8.14,18.02,20.0,0.5,18.0,1955,1951,2312,2305,0.59,0.82,0,< 0.1,8.5,0,0.66,0.001,<0.002,0.008,0.008,-0.08,<0.08,0,< 10,NA
7,Media Luna 10m,La Parguera,MLUN20,Southwest,SW,17.93472,-67.0485,10,11,14,24,11/14/2024,07:23,07:57,29.07,0.55,33.39,0.56,6.49,0.56,8.07,0.54,29.55,9.56,34.10,9.44,6.21,9.22,8.13,9.11,10.0,0.5,10.0,1957,1943,2294,2305,0.79,0.54,0,< 0.1,8.7,0.05,0.61,0,<0.002,0.005,0.005,-0.22,<0.08,20,20,NA
7,Maria Langa 5m,Guayanilla,MLAN05,South,S,17.96488,-66.7565,5,11,14,24,11/14/2024,08:32,08:40,29.14,0.48,33.54,0.49,5.41,0.49,8.04,0.50,29.54,3.78,34.13,3.59,5.27,3.81,8.10,3.90,10.0,0.5,3.0,1993,1977,2310,2308,0.66,0.53,0,< 0.1,4.4,0.05,0.43,0.002,0.002,0.013,0.013,-0.03,<0.08,0,< 10,NA
7,Maria Langa 10m,Guayanilla,MLAN10,South,S,17.96093,-66.7529,10,11,14,24,11/14/2024,08:07,08:22,29.35,0.47,33.87,0.53,6.33,0.51,8.13,0.51,29.56,8.51,34.10,8.63,6.16,8.56,8.13,8.68,10.0,0.5,8.0,1950,1948,2306,2308,0.55,0.64,0,< 0.1,5.6,0.05,0.42,0.001,<0.002,0.003,0.003,-0.22,<0.08,41,41,NA
7,Canjilones 15m,Isla Vieques,CANJ15,Vieques/Culebra,E,18.08964,-65.5901,15,11,19,24,11/19/2024,11:50,12:11,29.29,0.81,35.42,0.90,6.15,0.89,8.14,0.71,29.24,13.49,35.55,13.52,6.16,13.50,8.14,13.22,15.0,0.5,13.0,1988,1987,2361,2369,0.21,0.14,0,< 0.1,4.6,0.1,0.82,0.001,<0.002,0.006,0.006,-0.06,<0.08,0,< 10,NA
7,Palominitos 10m,Fajardo,PALT10,North/Northeast,E,18.33537,-65.5656,10,11,19,24,11/19/2024,13:14,13:37,29.16,0.54,35.26,0.52,6.35,0.50,8.15,0.56,29.04,8.78,35.39,8.92,6.45,7.81,8.15,7.84,5.3,0.5,8.0,1975,1978,2357,2360,0.05,0.15,0,< 0.1,6.3,0.05,1.11,0,<0.002,0.008,0.008,0.02,<0.08,0,< 10,NA
7,Canal Luis Pena 5m,Isla Culebra,LPEN05,Vieques/Culebra,E,18.30493,-65.3277,5,11,20,24,11/20/2024,08:10,08:27,28.99,0.61,35.64,0.62,6.33,0.63,8.11,0.63,28.97,4.27,35.66,4.22,5.99,4.31,8.11,4.32,10.0,0.5,9.0,2018,2013,2372,2372,0.71,0.83,0,< 0.1,6.9,0.05,0.97,0,<0.002,0.009,0.009,0.04,<0.08,0,< 10,NA
7,El Seco 30m,Isla Vieques,SECO30,Vieques/Culebra,E,18.13869,-65.1971,30,11,19,24,11/19/2024,09:20,09:45,29.06,0.44,35.56,0.50,6.23,0.76,8.10,0.54,29.20,25.54,35.87,25.54,5.68,27.04,8.10,27.04,12.2,0.5,10.0,1984,1980,2375,2372,0.93,0.11,0,< 0.1,6.4,0,0.76,0.001,<0.002,0.004,0.004,-0.02,<0.08,0,< 10,NA
7,Esperanza 10m,Isla Vieques,ESPE10,Vieques/Culebra,E,18.08057,-65.4879,10,11,19,24,11/19/2024,10:58,11:20,29.23,0.84,35.56,0.72,6.14,0.58,8.13,0.69,29.10,9.41,35.55,9.37,6.05,9.23,8.13,9.23,10.0,0.5,9.0,1989,1986,2367,2365,0.61,0.58,0,< 0.1,7.5,0,0.01,0,<0.002,0.01,0.01,0.01,<0.08,20,20,NA
7,Cabezas de San Juan 5m,Fajardo,CABE05,North/Northeast,E,18.38544,-65.6297,5,11,20,24,11/20/2024,11:20,11:35,29.12,0.55,35.32,0.46,6.21,0.47,8.12,0.44,28.89,4.23,35.32,4.34,6.12,4.14,8.12,4.37,3.3,0.5,4.0,2002,2000,2364,2363,0.28,0.43,0,< 0.1,7.3,2,0.39,0.001,<0.002,0.012,0.012,0.08,<0.08,0,< 10,NA
7,Cayo Diablo 5m,Fajardo,DIAB05,North/Northeast,E,18.36033,-65.5309,5,11,20,24,11/20/2024,09:55,10:09,28.99,0.52,35.28,0.59,6.67,0.57,8.14,0.65,28.97,5.07,35.34,4.90,6.67,5.03,8.14,4.92,5.0,0.5,5.0,1989,1985,2360,2362,0.09,0.10,0,< 0.1,5.2,0.1,0.39,0,<0.002,0.009,0.009,-0.1,<0.08,0,< 10,NA
7,Dakiti 20m,Isla Culebra,DAKI20,Vieques/Culebra,E,18.27587,-65.2773,20,11,20,24,11/20/2024,07:17,07:40,29.19,0.62,35.74,0.63,6.01,0.59,8.07,0.58,29.19,18.09,35.76,17.60,5.82,18.21,8.10,18.14,8.8,0.5,18.0,2014,2015,2384,2382,0.76,0.61,0,< 0.1,5.2,0.1,0.70,0,<0.002,0.013,0.013,-0.04,<0.08,0,< 10,NA
7,Carlos Rosario 10m,Isla Culebra,CROS10,Vieques/Culebra,E,18.32779,-65.332,10,11,20,24,11/20/2024,08:43,09:01,29.00,0.73,35.58,0.52,6.42,0.56,8.12,0.83,29.01,8.61,35.66,8.60,6.06,8.67,8.11,8.44,8.7,0.5,9.0,2005,2003,2378,2371,0.29,0.36,0,< 0.1,4.9,0.05,0.58,0,<0.002,0.008,0.008,-0.32,<0.08,0,< 10,NA
7,Palominos 20m,Fajardo,PALN20,North/Northeast,E,18.35466,-65.5671,20,11,20,24,11/20/2024,10:29,10:47,28.98,0.49,35.30,0.53,6.35,0.51,8.14,0.53,28.88,17.33,35.31,17.48,6.05,17.17,8.13,17.58,5.3,0.5,16.0,1986,1996,2361,2360,0.35,0.20,0,< 0.1,8.1,0.4,0.54,0.001,<0.002,0.007,0.007,-0.09,<0.08,0,< 10,NA
7,El Negro 5m,Cabo Rojo,NEGR05,West,W,18.14658,-67.2476,5,12,3,24,12/3/2024,12:26,12:43,29.57,0.57,35.08,0.62,6.16,0.62,8.16,0.68,29.51,4.41,35.13,4.41,6.29,4.39,8.16,4.39,>5,0.5,3.0,1964,1964,2162,2162,0.24,0.24,0,< 0.1,5.6,0.1,0.52,0.001,<0.002,0.006,0.006,0.02,<0.19,0,< 10,NA
7,Tourmaline 20m,Cabo Rojo,TOUR20,West,W,18.16517,-67.2752,20,12,3,24,12/3/2024,10:52,11:06,29.53,0.66,35.14,0.70,6.31,0.66,8.16,0.67,29.40,8.72,35.16,8.92,6.29,8.92,8.16,9.60,>20,0.5,11.0,1959,1956,2354,2346,0.35,0.30,0,< 0.1,7.8,0,0.40,0,<0.002,0.003,0.003,0,<0.19,0,< 10,NA
7,El Negro 10m,Cabo Rojo,NEGR10,West,W,18.14653,-67.248,10,12,3,24,12/3/2024,11:55,12:15,29.56,0.78,35.02,0.77,6.11,0.77,8.15,0.77,29.50,7.74,35.10,7.74,6.20,7.74,8.16,8.08,>10,0.5,8.0,1962,1967,2351,2346,0.49,0.61,0,< 0.1,8.1,0.1,0.39,-0.001,<0.002,0.007,0.007,-0.01,<0.19,0,< 10,NA
7,Tourmaline 10m,Cabo Rojo,TOUR10,West,W,18.16304,-67.2737,10,12,3,24,12/3/2024,11:16,11:28,29.46,0.66,35.07,0.65,6.31,0.65,8.16,0.64,29.39,7.88,35.24,7.87,6.28,7.79,8.16,7.59,>10,0.5,8.0,1953,1962,2351,2349,0.10,0.03,0,< 0.1,5.5,0.3,0.56,0.001,<0.002,0.003,0.003,0.07,<0.19,0,< 10,NA
7,Cayo Rodriguez 5m,Mayaguez,RODR05,West,W,18.1893,-67.1919,5,12,3,24,12/3/2024,09:00,09:08,29.19,0.65,34.76,0.61,6.08,0.61,8.09,0.62,29.33,4.70,34.87,4.73,6.06,4.95,8.11,5.59,5.3,0.5,5.0,1993,1974,2338,2346,0.24,0.41,0,< 0.1,4.4,0.4,0.60,0.001,<0.002,0.007,0.007,0.2,0.2,0,< 10,NA
7,Manchas Exteriores 10m,Mayaguez,MEXT10,West,W,18.23353,-67.2006,10,1,9,25,1/9/2025,12:03,12:25,28.05,0.52,35.69,0.53,6.23,0.57,8.15,0.55,27.90,7.12,35.66,7.14,6.07,7.11,8.15,7.14,6.5,0.5,8.0,NA,2010,2387,2382,0.23,0.24,0,< 0.1,3.9,0,0.40,0.006,0.006,0.008,0.008,0.02,<0.08,0,< 10,NA
7,Puerto Botes 15m,Isla Desecheo,BOTE15,Mona/Desecheo,W,18.382,-67.4883,15,1,9,25,1/9/2025,08:17,08:49,28.03,0.69,35.42,0.71,6.49,0.76,8.10,0.79,28.07,15.03,35.68,44.72,6.16,14.88,8.13,14.96,>15,0.5,13.0,1990,2001,2381,2383,0.08,0.70,0,< 0.1,4.5,0.1,0.27,0.004,0.004,0.008,0.008,0.15,0.15,0,< 10,NA
7,Tres Palmas 10m,Rincon,TRES10,West,W,18.34732,-67.27,10,1,9,25,1/9/2025,10:44,11:02,28.00,0.54,35.70,0.55,6.48,0.50,8.16,0.55,27.95,7.13,35.71,7.00,6.30,6.91,8.16,7.05,>7,0.5,5.0,1999,1998,2387,2427,0.12,0.06,0,< 0.1,2.7,0.2,0.37,0.003,0.003,0.009,0.009,0,<0.08,0,< 10,NA
7,Tourmaline 30m,Cabo Rojo,TOUR30,West,W,18.16637,-67.2763,30,12,3,24,12/3/2024,10:21,10:44,29.48,0.53,35.05,0.73,6.35,0.71,8.16,0.68,29.37,24.03,35.31,24.09,6.22,24.08,8.16,24.08,22.8,0.5,25.0,1951,1961,2346,2352,0.05,0.06,0,< 0.1,1.9,0,0.58,0.001,<0.002,0.004,0.004,0.08,<0.19,0,< 10,NA
7,Resuellos 10m,Cabo Rojo,RESU10,West,W,17.99116,-67.2332,10,12,3,24,12/3/2024,14:37,14:59,28.95,0.40,34.64,0.45,6.44,0.44,8.12,0.39,28.97,7.09,34.73,7.48,6.41,7.11,8.11,7.11,3.3,0.5,4.0,1964,1969,2307,2309,0.11,0.34,0,< 0.1,6.1,0.3,0.45,0,<0.002,0.005,0.005,-0.04,<0.19,0,< 10,NA
7,Tres Palmas 20m,Rincon,TRES05,West,W,18.34652,-67.2712,20,1,9,25,1/9/2025,11:02,11:18,27.94,0.74,35.70,0.67,6.60,0.46,8.13,0.47,27.94,3.26,35.75,3.13,6.60,3.12,8.13,3.06,>3,0.5,18.0,2000,2013,2372,2376,0.06,0.06,0,< 0.1,5.9,0.1,0.24,0.01,0.01,0.008,0.008,-0.17,<0.08,0,< 10,NA
7,Puerto Canoas 30m,Isla Desecheo,CANO30,Mona/Desecheo,W,18.37747,-67.484,30,1,9,25,1/9/2025,09:24,09:42,28.07,0.64,35.68,0.58,6.43,0.66,8.16,0.66,28.09,26.56,35.60,25.50,6.37,26.99,8.16,26.99,>25,0.5,28.0,1988,2006,2390,2389,0.15,0.34,0,< 0.1,2.4,0.1,0.23,0.003,0.003,0.006,0.006,-0.17,<0.08,0,< 10,NA
7,Gallardo 5m,Cabo Rojo,GALL05,West,W,18.0017,-67.3299,5,12,3,24,12/3/2024,13:28,13:43,28.91,0.72,34.56,0.82,6.16,0.74,8.12,0.69,28.92,2.66,34.57,2.78,6.08,2.76,8.11,2.84,>5,0.5,3.0,1966,1963,2295,2294,0.37,0.08,0,< 0.1,4.3,0.15,0.61,0.002,0.002,0.007,0.007,-0.06,<0.19,0,< 10,NA
7,Guanajibo 20m,Mayaguez,GUAN20,West,W,18.17202,-67.253,20,12,3,24,12/3/2024,09:43,10:00,29.45,0.59,35.03,0.62,6.52,0.65,8.17,0.64,29.36,9.85,35.21,9.89,6.01,9.96,8.15,9.96,>20,0.5,14.0,1955,1963,2342,2354,0.93,0.72,0,< 0.1,2.9,0.1,0.88,0.001,<0.002,0.008,0.008,0.1,<0.19,0,< 10,NA
7,Manchas Exteriores 20m,Mayaguez,MEXT20,West,W,18.2335,-67.2009,20,1,9,25,1/9/2025,11:43,12:00,28.07,0.62,35.61,0.60,6.29,0.61,8.16,0.60,27.88,14.29,35.64,14.08,6.20,13.66,8.15,13.76,7.5,0.5,18.0,2003,2001,2382,2386,0.42,0.43,0,< 0.1,6.7,0.05,0.51,0.003,0.003,0.007,0.007,0.12,0.12,0,< 10,NA
7,Tres Palmas 20m,Rincon,TRES20,West,W,18.34652,-67.2712,20,1,9,25,1/9/2025,10:19,10:43,27.99,0.59,35.66,0.55,6.56,0.53,8.17,0.56,27.94,17.48,35.66,17.42,6.16,17.32,8.15,17.38,>16,0.5,18.0,1993,1999,2388,2389,0.07,0.14,0,< 0.1,3.0,0,0.30,0.003,0.003,0.01,0.01,0.06,<0.08,0,< 10,NA
7,Puerto Botes 20m,Isla Desecheo,BOTE20,Mona/Desecheo,W,18.38158,-67.4886,20,1,9,25,1/9/2025,09:00,09:20,28.03,0.59,35.52,0.51,6.53,0.59,8.15,0.62,28.09,15.32,35.68,15.33,6.40,15.22,8.16,15.14,>15,0.5,18.0,2006,1988,2398,2392,0.14,0.04,0,< 0.1,3.2,0.35,0.20,-0.003,<0.002,0.007,0.007,-0.09,<0.08,0,< 10,NA
7,Cayo Caribes 10m,Salinas,CARI10-R,Southeast,S,17.91533,-66.2141,10,1,16,25,1/16/2025,08:34,08:46,26.96,0.51,35.42,0.54,6.19,0.60,8.08,0.60,27.03,8.44,35.48,8.20,6.06,8.37,8.12,8.35,7.2,0.5,8.0,2016,2012,2358,2366,1.15,0.98,0,< 0.1,5.4,0.1,0.01,0.014,0.014,0.013,0.013,0.35,0.35,0,< 10,NA
7,Cayo Ratones 5m,Salinas,RATO05,Southeast,S,17.9346,-66.3025,5,1,16,25,1/16/2025,09:16,09:22,27.15,0.57,35.45,0.49,6.43,0.52,8.12,0.50,27.16,3.01,35.47,2.95,6.29,2.93,8.12,3.00,3.0,0.5,3.0,1994,1997,2345,2346,0.75,0.76,0,< 0.1,3.8,0.2,0.40,0.009,0.009,0.008,0.008,0.01,<0.08,0,< 10,NA
7,West Reef 10m,Ponce,CDMU10-R,South,S,17.89502,-66.5284,10,1,16,25,1/16/2025,10:40,11:00,27.70,0.66,35.60,0.54,6.48,0.57,8.16,0.65,27.71,6.17,35.60,6.14,6.43,6.18,8.17,6.14,6.8,0.5,8.0,1981,1980,2343,2370,0.67,0.77,0,< 0.1,3.1,0.05,0.31,0.011,0.011,0.005,0.005,0.1,0.1,0,< 10,NA
7,West Reef 10m,Ponce,CDMU10,South,S,17.89502,-66.5284,10,1,16,25,1/16/2025,10:24,10:38,27.70,0.55,35.54,0.52,6.35,0.48,8.17,0.46,27.70,6.65,35.56,6.71,6.38,6.83,8.17,6.74,6.8,0.5,8.0,1985,1985,2369,2370,0.74,0.63,0,< 0.1,3.1,0.05,0.30,0.02,0.02,0.016,0.016,-0.19,<0.08,0,< 10,NA
7,Cayo Ratones 5m,Salinas,RATO05-R,Southeast,S,17.9346,-66.3025,5,1,16,25,1/16/2025,09:24,09:40,27.09,0.53,35.38,0.58,6.46,0.64,8.11,0.62,27.12,3.11,35.41,3.04,6.22,3.05,8.11,3.05,3.0,0.5,3.0,NA,1989,2348,2342,0.69,0.66,0,< 0.1,4.0,0.2,0.23,0.008,0.008,0.009,0.009,0.28,0.28,0,< 10,NA
7,Cayo Caribes 10m,Salinas,CARI10,Southeast,S,17.91533,-66.2141,10,1,16,25,1/16/2025,08:14,08:32,27.06,0.53,35.43,0.59,6.16,0.53,8.04,0.53,26.98,8.01,35.35,7.97,5.80,8.11,8.07,7.89,6.1,0.5,8.0,2004,2009,2356,2349,0.66,0.69,0,< 0.1,5.1,0.1,0.13,0.007,0.007,0.007,0.007,0.16,0.16,0,< 10,NA
7,Derrumbadero 20m,Ponce,DERR20,South,S,17.904,-66.6086,20,1,16,25,1/16/2025,11:15,11:28,28.09,0.65,35.68,0.57,6.50,0.56,8.17,0.67,27.99,18.69,35.70,18.38,6.37,18.66,8.16,18.60,18.0,0.5,18.0,1986,1984,2375,2375,0.67,0.92,0,< 0.1,4.7,0,0.22,0.006,0.006,0.006,0.006,-0.23,<0.08,0,< 10,NA
7,Cibuco 5m,Vega Baja,CIBU05,North/Northeast,N,18.48955,-66.3736,10,2,20,25,2/20/2025,08:07,08:31,27.03,0.50,36.06,0.32,6.39,0.47,8.12,0.62,27.02,4.73,36.03,4.85,6.36,5.12,8.13,5.27,>5,0.5,4.0,2029,2029,2403,2403,0.30,0.29,0,< 0.1,11.4,0.15,0.36,0.011,0.011,0.008,0.008,0.02,<0.08,0,< 10,NA
7,Cibuco 5m,Vega Baja,CIBU05-R,North/Northeast,N,18.48955,-66.3736,10,2,20,25,2/20/2025,08:35,08:47,27.03,0.65,36.02,0.58,6.39,0.67,8.14,0.47,26.97,5.26,36.01,4.91,6.34,4.97,8.14,4.99,>5,0.5,4.0,2031,2040,2405,2404,0.32,0.54,0,< 0.1,5.9,0.2,0.36,0.011,0.011,0.004,0.004,0.12,0.12,0,< 10,NA
7,Dominos 5m,San Juan,DOMI05,North/Northeast,N,18.46222,-66.0517,5,2,20,25,2/20/2025,10:20,10:40,26.80,0.64,36.22,0.64,6.59,0.70,8.15,0.54,26.80,4.74,36.18,4.69,6.75,4.41,8.14,4.25,>5,0.5,4.0,2030,2033,2399,2412,0.63,0.42,0,< 0.1,8.9,0.05,1.81,0.011,0.011,0.004,0.004,0.07,<0.08,0,< 10,NA
7,Dominos 5m,San Juan,DOMI05-R,North/Northeast,N,18.46222,-66.0517,5,2,20,25,2/20/2025,10:42,10:55,26.81,0.65,36.18,0.66,6.60,0.54,8.15,0.83,26.82,4.44,36.22,4.59,6.69,4.59,8.14,4.57,>5,0.5,4.0,2041,2036,2399,2412,0.42,0.24,0,< 0.1,5.8,0.1,1.71,0.02,0.02,0.003,0.003,0.02,<0.08,0,< 10,NA
8,Puerto Botes 20m,Isla Desecheo,BOTE20,Mona/Desecheo,W,18.38158,-67.4886,20,2,21,25,2/21/2025,07:45,08:01,27.11,0.56,35.96,0.61,6.61,0.69,8.13,0.65,27.12,18.17,35.98,18.05,6.45,18.10,8.15,17.94,>20,0.5,18.0,2015,2014,2401,2401,0.50,0.12,0,< 0.1,26.4,0.45,1.38,0.013,0.013,0.003,0.003,0.24,0.24,0,< 10,NA
8,Tres Palmas 20m,Rincon,TRES20,West,W,18.34652,-67.2712,20,2,21,25,2/21/2025,09:47,10:05,27.17,0.48,35.97,0.55,6.31,0.58,8.15,0.56,27.13,18.01,36.00,17.88,5.98,18.09,8.15,18.01,17.5,0.5,18.0,2031,2032,2396,2394,0.55,0.44,0,< 0.1,3.6,0.25,1.26,0.016,0.016,0.007,0.007,-0.17,<0.08,0,< 10,NA
8,Puerto Canoas 30m,Isla Desecheo,CANO30,Mona/Desecheo,W,18.37747,-67.484,30,2,21,25,2/21/2025,08:36,08:58,27.11,0.51,35.96,0.65,6.54,0.50,8.17,0.53,27.11,28.53,36.00,28.20,6.43,27.88,8.17,27.61,>30,0.5,25.0,2016,2020,2399,2398,0.89,0.72,0,< 0.1,7.2,0.15,0.95,0.014,0.014,0.004,0.004,0.15,0.15,0,< 10,NA
8,Manchas Exteriores 10m,Mayaguez,MEXT10,West,W,18.23353,-67.2006,10,2,21,25,2/21/2025,11:37,11:50,27.47,0.56,36.02,0.52,6.48,0.54,8.16,0.55,27.25,8.16,36.10,8.13,6.45,8.06,8.17,8.04,>10,0.5,8.0,2025,2022,2397,2395,0.25,0.49,0,< 0.1,2.7,0.3,1.85,0.011,0.011,0.003,0.003,0.06,<0.08,0,< 10,NA
8,Manchas Exteriores 20m,Mayaguez,MEXT20,West,W,18.2335,-67.2009,20,2,21,25,2/21/2025,11:13,11:31,27.46,0.53,35.95,0.54,6.52,0.50,8.17,0.51,27.17,17.30,36.03,17.34,6.28,17.33,8.16,17.30,13.1,0.5,15.0,2024,2021,2399,2398,0.74,0.97,0,< 0.1,2.9,0.15,2.51,0.012,0.012,0.004,0.004,0.21,0.21,0,< 10,NA
8,Tres Palmas 10m,Rincon,TRES10,West,W,18.34732,-67.27,10,2,21,25,2/21/2025,10:15,10:29,27.20,0.54,35.96,0.56,6.14,0.51,8.14,0.57,27.10,8.08,35.99,8.09,5.90,8.02,8.13,8.07,>10,0.5,8.0,2036,2042,2401,2393,0.23,0.35,0,< 0.1,4.5,0.15,1.57,0.003,0.003,0.016,0.016,0.01,<0.08,0,< 10,NA
8,Maria Langa 5m,Guayanilla,MLAN05,South,S,17.96488,-66.7565,5,3,6,25,3/6/2025,11:46,11:56,27.76,0.55,36.05,0.50,6.23,0.53,8.13,0.53,27.68,3.36,36.16,3.34,6.10,3.29,8.12,3.09,>5,0.5,NA,2053,2052,2390,2415,0.09,0.16,0,< 0.1,7.1,0.4,0.00,0.008,0.008,0.002,0.002,0.21,0.21,0,< 10,NA
8,Tres Palmas 5m,Rincon,TRES05,West,W,18.35072,-67.2669,5,2,21,25,2/21/2025,10:35,10:47,27.18,0.61,35.99,0.59,6.12,0.61,8.12,0.59,27.03,4.14,36.04,4.08,5.85,4.05,8.11,4.04,>5,0.5,4.0,2049,2052,2391,2393,0.25,0.28,0,< 0.1,3.7,0.2,1.74,0.012,0.012,0.008,0.008,0.03,<0.08,0,< 10,NA
8,Carlos Rosario 10m,Isla Culebra,CROS10,Vieques/Culebra,E,18.32779,-65.332,10,3,4,25,3/4/2025,09:27,09:40,26.92,0.70,36.39,0.61,6.40,0.63,8.15,0.62,26.71,5.28,36.40,3.20,6.05,3.18,8.14,3.20,>10,0.5,3.0,2045,2046,2414,2417,0.49,0.51,0,< 0.1,3.5,0.15,0.75,0.004,<0.006,0.003,0.003,-0.01,<0.08,0,< 10,NA
8,Dakiti 20m,Isla Culebra,DAKI20,Vieques/Culebra,E,18.27587,-65.2773,20,3,4,25,3/4/2025,08:09,08:28,26.83,0.63,36.35,0.70,6.50,0.61,8.10,0.68,26.83,18.74,36.41,18.73,6.39,18.72,8.13,18.47,11.7,0.5,18.0,2043,2042,2423,2424,0.37,0.45,0,< 0.1,5.3,0.05,0.61,0.457,0.457,0,<0.002,0.1,0.1,0,< 10,NA
8,Cabezas de San Juan 5m,Fajardo,CABE05,North/Northeast,E,18.38544,-65.6297,5,3,4,25,3/4/2025,12:01,12:13,27.22,0.58,36.26,0.60,6.70,0.69,8.17,0.55,27.21,3.11,36.27,3.22,6.75,3.20,8.17,3.09,>3,0.5,3.0,1991,1983,2385,2393,0.23,0.11,0,< 0.1,3.4,0.1,0.99,0.006,0.006,0.003,0.003,-0.05,<0.08,0,< 10,NA
8,Puerto Botes 15m,Isla Desecheo,BOTE15,Mona/Desecheo,W,18.382,-67.4883,15,2,21,25,2/21/2025,08:10,08:30,27.09,0.63,36.03,0.59,6.47,0.73,8.16,0.66,27.11,12.73,36.01,12.68,6.39,13.11,8.16,13.01,>15,0.5,13.0,2021,2019,2397,2397,0.13,0.33,0,< 0.1,2.9,0,0.89,0.003,0.003,0.009,0.009,0.13,0.13,0,< 10,NA
8,Cayo Rodriguez 5m,Mayaguez,RODR05,West,W,18.1893,-67.1919,5,3,10,25,3/10/2025,11:56,12:10,28.21,0.51,36.07,0.49,6.48,0.52,8.16,0.54,27.77,4.36,36.15,4.34,6.45,4.37,8.17,4.35,4.5,0.5,4.0,2028,2020,2388,2384,0.42,0.09,0,< 0.1,6.1,1.25,0.20,NA,NA,-0.001,<0.002,0.38,0.38,0,< 10,NA
8,Canal Luis Pena 5m,Isla Culebra,LPEN05,Vieques/Culebra,E,18.30493,-65.3277,5,3,4,25,3/4/2025,08:55,09:11,26.88,0.63,36.39,0.71,6.53,0.65,8.14,0.72,26.80,2.94,36.41,2.89,6.27,2.90,8.13,3.00,>5,0.5,3.0,2047,2055,2421,2420,0.65,0.79,0,< 0.1,7.1,0.3,0.43,0.006,0.006,0,<0.002,0.05,<0.08,10,10,NA
8,El Negro 5m,Cabo Rojo,NEGR05,West,W,18.14658,-67.2476,5,3,10,25,3/10/2025,09:29,09:41,27.40,0.56,36.18,0.55,6.16,0.56,8.14,0.49,27.38,2.88,36.24,2.75,6.05,3.03,8.15,3.12,>5,0.5,3.0,2023,2027,2402,2404,0.90,0.92,0,< 0.1,4.9,0.7,0.36,0.009,0.009,0,<0.002,0.02,<0.06,0,< 10,NA
8,Resuellos 10m,Cabo Rojo,RESU10,West,W,17.99116,-67.2332,10,3,10,25,3/10/2025,08:17,08:29,27.72,0.55,36.07,0.62,6.30,0.67,8.14,0.62,27.72,8.40,36.08,8.40,6.24,8.41,8.13,8.45,7.0,0.5,8.0,2017,2014,2380,2373,0.52,0.34,0,< 0.1,8.8,1.15,0.53,0.002,0.002,0.006,0.006,0.04,<0.06,0,< 10,NA
8,Tourmaline 30m,Cabo Rojo,TOUR30,West,W,18.16637,-67.2763,30,3,10,25,3/10/2025,09:57,10:13,27.62,0.52,36.09,0.55,6.49,0.53,8.17,0.53,27.12,25.51,36.33,25.43,6.38,25.62,8.18,25.01,22.5,0.5,25.0,2014,2026,2409,2422,0.92,0.87,0,< 0.1,4.1,0,0.23,NA,NA,-0.001,<0.002,0.07,0.07,0,< 10,NA
8,Guanajibo 20m,Mayaguez,GUAN20,West,W,18.17202,-67.253,20,3,10,25,3/10/2025,11:16,11:30,27.60,0.54,36.15,0.56,6.49,0.55,8.18,0.59,27.36,15.25,36.15,15.21,6.49,15.39,8.18,15.40,18.0,0.5,18.0,2020,2016,2399,2395,0.14,0.14,0,< 0.1,7.2,0.1,0.11,0.003,0.003,-0.001,<0.002,0.07,0.07,0,< 10,NA
8,Maria Langa 10m,Guayanilla,MLAN10,South,S,17.96093,-66.7529,10,3,6,25,3/6/2025,11:23,11:35,27.78,0.56,36.12,0.54,6.23,0.50,8.12,0.57,27.51,8.14,36.16,8.30,6.30,8.36,8.15,8.53,6.3,0.5,8.0,2033,2030,2409,2408,0.45,0.19,0,< 0.1,6.2,0.55,0.65,0.005,<0.006,0,<0.002,0.17,0.17,0,< 10,NA
8,Derrumbadero 20m,Ponce,DERR20,South,S,17.904,-66.6086,20,3,6,25,3/6/2025,10:05,10:21,27.23,0.52,36.19,0.47,6.52,0.55,8.17,0.53,27.20,14.36,36.20,14.80,6.36,15.18,8.17,14.71,13.0,0.5,15.0,2024,2018,2407,2411,0.21,0.03,0,< 0.1,9.4,0.35,0.61,0.009,0.009,0.001,<0.002,0.11,0.11,0,< 10,NA
8,El Negro 10m,Cabo Rojo,NEGR10,West,W,18.14653,-67.248,10,3,10,25,3/10/2025,09:08,09:21,27.38,0.65,36.15,0.62,6.29,0.61,8.16,0.63,27.36,36.21,36.21,8.28,6.16,8.33,8.16,8.32,12.0,0.5,10.0,2044,2040,2404,2406,0.91,0.95,0,< 0.1,4.5,0.9,0.36,0.001,<0.001,0,<0.002,0.04,<0.06,0,< 10,NA
8,Gallardo 5m,Cabo Rojo,GALL05,West,W,18.0017,-67.3299,5,3,10,25,3/10/2025,07:12,07:25,27.84,0.58,36.15,0.56,6.37,0.59,8.05,0.63,27.84,3.22,36.21,3.15,6.04,3.30,8.08,3.31,>5,0.5,3.0,2024,2023,2385,2405,0.51,0.45,0,< 0.1,6.1,0.4,0.00,0.003,0.003,0.003,0.003,0.01,<0.06,0,< 10,NA
8,Tourmaline 20m,Cabo Rojo,TOUR20,West,W,18.16517,-67.2752,20,3,10,25,3/10/2025,10:25,10:40,27.79,0.52,36.28,0.51,6.42,0.58,8.16,0.56,27.25,18.18,36.29,18.10,6.43,18.04,8.17,18.45,>20,0.5,18.0,2007,2027,2404,2415,0.03,0.03,0,< 0.1,6.7,0,0.25,0.011,0.011,-0.002,<0.002,0.08,0.08,0,< 10,NA
8,Tourmaline 10m,Cabo Rojo,TOUR10,West,W,18.16304,-67.2737,10,3,10,25,3/10/2025,10:48,11:00,27.71,0.55,36.16,0.54,6.35,0.50,8.16,0.54,27.25,8.58,36.31,8.32,6.40,8.61,8.18,8.53,10.0,0.5,8.0,NA,NA,2405,2401,0.02,0.02,0,< 0.1,5.4,0.35,0.00,0.103,0.103,0.001,<0.002,0.19,0.19,0,< 10,NA
8,Maria Langa 20m,Guayanilla,MLAN20,South,S,17.95953,-66.747,20,3,6,25,3/6/2025,11:01,11:17,27.79,0.53,36.04,0.58,6.47,0.53,8.13,0.59,27.32,18.41,36.19,18.38,6.35,18.23,8.16,18.40,6.8,0.5,18.0,2034,2027,2389,2403,0.09,0.30,0,< 0.1,5.6,0.05,0.99,0.006,0.006,0.005,0.005,0.19,0.19,0,< 10,NA
8,Canjilones 15m,Isla Vieques,CANJ15,Vieques/Culebra,E,18.08964,-65.5901,15,3,3,25,3/3/2025,11:09,11:23,27.29,0.58,36.40,0.59,6.42,0.56,8.17,0.69,27.14,12.91,36.43,12.29,6.43,12.55,8.18,12.32,>13,0.5,13.0,2042,2032,2422,2436,0.55,0.84,0,< 0.1,5.1,0.65,0.21,0.01,0.01,0.003,0.003,0.25,0.25,0,< 10,NA
8,Esperanza 10m,Isla Vieques,ESPE10,Vieques/Culebra,E,18.08057,-65.4879,10,3,3,25,3/3/2025,10:18,10:30,27.10,0.67,36.45,0.67,6.29,0.70,8.15,0.71,27.03,8.37,36.43,8.33,6.32,8.41,8.16,8.47,>8,0.5,8.0,2048,2049,2420,2419,0.21,0.31,0,< 0.1,4.0,0.1,0.36,0.005,<0.006,0.001,<0.002,0.01,<0.08,0,< 10,NA
8,Cibuco 5m,Vega Baja,CIBU05-R,North/Northeast,N,18.48955,-66.3736,5,4,8,25,4/8/2025,08:33,08:50,26.84,0.52,36.62,0.53,6.37,0.55,8.16,0.53,26.84,3.12,36.63,3.14,6.29,3.18,8.16,3.16,>5,0.5,3.0,2042,2042,2423,2421,0.46,0.16,0,< 0.1,6.0,0.05,0.13,-0.001,<0.001,-0.002,<0.000,0.13,<0.23,20,20,NA
8,Cayo Caribes 10m,Salinas,CARI10,Southeast,S,17.91533,-66.2141,10,3,6,25,3/6/2025,07:45,07:59,27.45,0.51,36.13,0.51,6.42,0.58,8.07,0.58,27.44,8.50,36.15,8.73,5.99,8.60,8.10,8.72,5.2,0.5,8.0,2012,2014,2391,2395,0.18,0.51,0,< 0.1,4.5,0.3,0.78,0,<0.001,-0.002,<0.002,-0.01,<0.08,0,< 10,NA
8,Cayo Aurora 5m,Guanica,AURO05-R,Southwest,SW,17.9369,-66.8738,5,3,12,25,3/12/2025,07:41,07:35,27.90,0.58,36.18,0.56,6.20,0.46,8.12,0.53,27.92,3.02,36.25,3.10,5.97,2.92,8.13,2.95,>5,0.5,3.0,2038,2039,2389,2392,0.97,0.16,0,< 0.1,1.2,1,0.60,0.005,0.005,0.004,0.004,0.02,<0.06,0,< 10,NA
8,Palominos 20m,Fajardo,PALN20,North/Northeast,E,18.35466,-65.5671,20,3,4,25,3/4/2025,11:23,11:37,27.14,0.58,36.31,0.63,6.49,0.61,8.17,0.72,27.03,16.97,36.38,16.87,6.55,16.90,8.17,17.08,10.3,0.5,18.0,2014,2014,2410,2409,0.74,0.80,0,< 0.1,4.1,0.2,1.57,-0.003,<0.001,0.001,<0.002,0.04,<0.08,0,< 10,NA
8,West Reef 10m,Ponce,CDMU10,South,S,17.89502,-66.5284,10,3,6,25,3/6/2025,09:29,09:45,27.27,0.74,36.19,0.75,6.38,0.59,8.16,0.51,27.29,8.15,36.21,8.23,6.39,8.07,8.17,8.14,>10,0.5,8.0,2022,2019,2404,2392,0.23,0.13,0,< 0.1,4.4,0.2,0.23,0.006,0.006,0.002,0.002,0.22,0.22,0,< 10,NA
8,Boya Vieja 20m,La Parguera,BOYA20,Southwest,SW,17.88827,-66.9978,20,3,12,25,3/12/2025,09:51,10:05,27.64,0.48,36.21,0.53,6.44,0.55,8.18,0.56,27.59,18.33,36.22,18.30,6.43,17.93,8.19,17.86,>18,0.5,18.0,2018,2012,2398,2401,0.16,0.49,0,< 0.1,0.0,0.05,0.95,0.002,0.002,0,<0.002,0.01,<0.06,0,< 10,NA
8,Cayo Coral 10m,Guanica,CORA10-R,Southwest,SW,17.9362,-66.8884,10,3,12,25,3/12/2025,08:38,08:48,27.94,0.69,36.21,0.72,6.32,0.69,8.15,0.74,27.95,8.83,36.23,8.79,6.14,8.88,8.14,8.74,10.7,0.5,8.0,2026,2027,2397,2387,0.17,0.32,0,< 0.1,3.0,0.05,0.57,0.003,0.003,0,<0.002,0.07,0.07,0,< 10,NA
8,Cayo Ratones 5m,Salinas,RATO05,Southeast,S,17.9346,-66.3025,5,3,6,25,3/6/2025,08:23,08:36,27.46,0.59,36.09,0.55,6.24,0.51,8.07,0.49,27.44,3.67,36.13,3.66,6.13,3.57,8.10,3.45,>5,0.5,3.0,2006,2017,2385,2373,0.69,0.62,0,< 0.1,7.4,1.05,0.83,0.005,<0.006,0.002,0.002,-0.01,<0.08,0,< 10,NA
8,El Seco 30m,Isla Vieques,SECO30,Vieques/Culebra,E,18.13869,-65.1971,30,3,3,25,3/3/2025,08:42,09:04,26.77,0.61,36.50,0.63,6.60,0.75,8.09,0.76,26.75,27.81,36.63,28.19,6.41,28.10,8.14,28.45,19.7,0.5,25.0,2040,2041,2437,2434,0.30,0.42,0,< 0.1,4.4,0,1.10,0.005,<0.006,0.002,0.002,0.07,<0.08,0,< 10,NA
8,Cayo Diablo 5m,Fajardo,DIAB05,North/Northeast,E,18.36033,-65.5309,5,3,4,25,3/4/2025,10:41,11:00,27.02,0.72,36.28,0.54,6.59,0.70,8.17,0.77,27.00,3.11,36.28,3.28,6.65,3.22,8.17,3.27,>3,0.5,3.0,2037,2039,2416,2415,0.46,0.60,0,< 0.1,2.6,0.1,1.20,0.005,<0.006,0.003,0.003,0.06,<0.08,0,< 10,NA
8,Palominitos 10m,Fajardo,PALT10,North/Northeast,E,18.33537,-65.5656,10,3,3,25,3/3/2025,12:28,12:38,27.23,0.64,36.32,0.71,6.52,0.79,8.19,0.62,27.04,8.79,36.40,8.82,6.61,8.80,8.19,8.75,>8,0.5,8.0,2031,2025,2417,2444,0.22,0.42,0,< 0.1,3.1,0.2,0.00,0.015,0.015,0.001,<0.002,0.08,0.08,0,< 10,NA
8,Efras Wall 20m,La Parguera,EWAL20,Southwest,SW,17.8976,-66.9599,20,3,12,25,3/12/2025,09:02,09:14,27.72,0.74,36.17,0.73,6.42,0.75,8.17,0.74,27.72,18.26,36.19,18.19,6.25,18.20,8.17,18.27,>18,0.5,18.0,2020,2017,2398,2391,0.05,0.22,0,< 0.1,2.4,0.45,0.19,0.001,<0.001,0,<0.002,0.59,0.59,0,< 10,NA
8,Media Luna 10m,La Parguera,MLUN10,Southwest,SW,17.93472,-67.0485,10,3,12,25,3/12/2025,10:25,10:37,28.19,0.69,36.31,0.68,6.43,0.64,8.16,0.70,28.11,5.05,36.30,5.07,6.80,5.02,8.17,4.97,>10,0.5,4.0,2017,2011,2394,2388,0.72,0.57,0,< 0.1,3.4,0.35,0.57,0.002,0.002,0.002,0.002,0.02,<0.06,0,< 10,NA
8,Cayo Coral 10m,Guanica,CORA10,Southwest,SW,17.9362,-66.8884,10,3,12,25,3/12/2025,08:13,08:24,27.95,0.57,36.28,0.56,6.32,0.55,8.14,0.59,27.93,8.49,36.17,8.30,6.17,8.47,8.14,8.45,10.7,0.5,8.0,2021,2023,2388,2392,0.11,0.08,0,< 0.1,2.8,0.05,0.40,0.002,0.002,0,<0.002,0.03,<0.06,0,< 10,NA
8,Cayo Aurora 5m,Guanica,AURO05,Southwest,SW,17.9369,-66.8738,5,3,12,25,3/12/2025,07:12,07:35,27.95,0.65,36.27,0.64,6.02,0.61,8.08,0.61,27.95,3.01,36.17,3.05,5.81,3.16,8.09,3.12,>5,0.5,3.0,2042,2042,2389,2385,0.33,0.02,0,< 0.1,2.5,1.00,0.62,0.002,0.002,0.002,0.002,0.04,<0.06,0,< 10,NA
8,Efras Wall 20m,La Parguera,EWAL20-R,Southwest,SW,17.8976,-66.9599,20,3,12,25,3/12/2025,09:18,09:28,27.74,0.65,36.31,0.67,6.36,0.59,8.17,0.69,27.74,17.56,36.31,17.54,6.37,17.62,8.18,17.66,>18,0.5,18.0,2017,2017,2398,2396,0.20,0.07,0,< 0.1,2.0,0.45,1.22,0.002,0.002,0,<0.002,0.19,0.19,0,< 10,NA
8,Media Luna 5m,La Parguera,MLUN05,Southwest,SW,17.93937,-67.0507,5,3,12,25,3/12/2025,10:47,11:02,28.36,0.62,36.29,0.60,6.60,0.62,8.18,0.60,27.90,3.51,36.31,3.43,6.74,3.50,8.15,3.48,>3,0.5,3.0,1992,2002,2363,2374,0.58,0.46,0,< 0.1,3.5,0.55,0.87,0.001,<0.001,0,<0.002,0,<0.06,0,< 10,NA
8,Cibuco 5m,Vega Baja,CIBU05,North/Northeast,N,18.48955,-66.3736,5,4,8,25,4/8/2025,08:10,08:27,26.85,0.56,36.60,0.59,6.37,0.51,8.16,0.53,26.85,3.15,36.68,3.10,6.36,3.12,8.16,3.11,>5,0.5,3.0,2046,2042,2425,2425,0.32,0.18,0,< 0.1,6.6,0.05,0.15,0,<0.001,0.002,0.002,0.41,0.41,0,< 10,NA
8,Dominos 5m,San Juan,DOMI05,North/Northeast,N,18.46222,-66.0517,5,4,8,25,4/8/2025,11:39,11:56,26.84,0.46,36.66,0.55,6.80,0.55,8.20,0.60,NA,NA,NA,NA,NA,NA,NA,NA,>5,0.5,3.0,2035,2036,2406,2407,0.59,0.21,0,< 0.1,6.9,0.35,0.18,-0.001,<0.001,-0.003,<0.000,0.45,0.45,0,< 10,NA
8,Dominos 5m,San Juan,DOMI05-R,North/Northeast,N,18.46222,-66.0517,5,4,8,25,4/8/2025,12:18,12:28,26.86,0.58,36.71,0.54,6.96,0.52,8.20,0.52,NA,NA,NA,NA,NA,NA,NA,NA,>5,0.5,3.0,2049,2039,2417,2420,0.56,0.18,0,< 0.1,6.7,0.35,0.15,-0.001,<0.001,-0.001,<0.000,0.35,0.35,0,< 10,NA
